--
-- PostgreSQL database dump
--

-- Dumped from database version 12.16 (Ubuntu 12.16-0ubuntu0.20.04.1)
-- Dumped by pg_dump version 12.16 (Ubuntu 12.16-0ubuntu0.20.04.1)

SET statement_timeout = 0;
SET lock_timeout = 0;
SET idle_in_transaction_session_timeout = 0;
SET client_encoding = 'UTF8';
SET standard_conforming_strings = on;
SELECT pg_catalog.set_config('search_path', '', false);
SET check_function_bodies = false;
SET xmloption = content;
SET client_min_messages = warning;
SET row_security = off;

SET default_tablespace = '';

SET default_table_access_method = heap;

--
-- Name: agents_m_profile; Type: TABLE; Schema: public; Owner: amlak
--

CREATE TABLE public.agents_m_profile (
    first_name character varying(120) NOT NULL,
    last_name character varying(120) NOT NULL,
    phone_number character varying(12) NOT NULL,
    user_id integer NOT NULL,
    field character varying(4) NOT NULL
);


ALTER TABLE public.agents_m_profile OWNER TO amlak;

--
-- Name: auth_group; Type: TABLE; Schema: public; Owner: amlak
--

CREATE TABLE public.auth_group (
    id integer NOT NULL,
    name character varying(150) NOT NULL
);


ALTER TABLE public.auth_group OWNER TO amlak;

--
-- Name: auth_group_id_seq; Type: SEQUENCE; Schema: public; Owner: amlak
--

ALTER TABLE public.auth_group ALTER COLUMN id ADD GENERATED BY DEFAULT AS IDENTITY (
    SEQUENCE NAME public.auth_group_id_seq
    START WITH 1
    INCREMENT BY 1
    NO MINVALUE
    NO MAXVALUE
    CACHE 1
);


--
-- Name: auth_group_permissions; Type: TABLE; Schema: public; Owner: amlak
--

CREATE TABLE public.auth_group_permissions (
    id bigint NOT NULL,
    group_id integer NOT NULL,
    permission_id integer NOT NULL
);


ALTER TABLE public.auth_group_permissions OWNER TO amlak;

--
-- Name: auth_group_permissions_id_seq; Type: SEQUENCE; Schema: public; Owner: amlak
--

ALTER TABLE public.auth_group_permissions ALTER COLUMN id ADD GENERATED BY DEFAULT AS IDENTITY (
    SEQUENCE NAME public.auth_group_permissions_id_seq
    START WITH 1
    INCREMENT BY 1
    NO MINVALUE
    NO MAXVALUE
    CACHE 1
);


--
-- Name: auth_permission; Type: TABLE; Schema: public; Owner: amlak
--

CREATE TABLE public.auth_permission (
    id integer NOT NULL,
    name character varying(255) NOT NULL,
    content_type_id integer NOT NULL,
    codename character varying(100) NOT NULL
);


ALTER TABLE public.auth_permission OWNER TO amlak;

--
-- Name: auth_permission_id_seq; Type: SEQUENCE; Schema: public; Owner: amlak
--

ALTER TABLE public.auth_permission ALTER COLUMN id ADD GENERATED BY DEFAULT AS IDENTITY (
    SEQUENCE NAME public.auth_permission_id_seq
    START WITH 1
    INCREMENT BY 1
    NO MINVALUE
    NO MAXVALUE
    CACHE 1
);


--
-- Name: auth_user; Type: TABLE; Schema: public; Owner: amlak
--

CREATE TABLE public.auth_user (
    id integer NOT NULL,
    password character varying(128) NOT NULL,
    last_login timestamp with time zone,
    is_superuser boolean NOT NULL,
    username character varying(150) NOT NULL,
    first_name character varying(150) NOT NULL,
    last_name character varying(150) NOT NULL,
    email character varying(254) NOT NULL,
    is_staff boolean NOT NULL,
    is_active boolean NOT NULL,
    date_joined timestamp with time zone NOT NULL
);


ALTER TABLE public.auth_user OWNER TO amlak;

--
-- Name: auth_user_groups; Type: TABLE; Schema: public; Owner: amlak
--

CREATE TABLE public.auth_user_groups (
    id bigint NOT NULL,
    user_id integer NOT NULL,
    group_id integer NOT NULL
);


ALTER TABLE public.auth_user_groups OWNER TO amlak;

--
-- Name: auth_user_groups_id_seq; Type: SEQUENCE; Schema: public; Owner: amlak
--

ALTER TABLE public.auth_user_groups ALTER COLUMN id ADD GENERATED BY DEFAULT AS IDENTITY (
    SEQUENCE NAME public.auth_user_groups_id_seq
    START WITH 1
    INCREMENT BY 1
    NO MINVALUE
    NO MAXVALUE
    CACHE 1
);


--
-- Name: auth_user_id_seq; Type: SEQUENCE; Schema: public; Owner: amlak
--

ALTER TABLE public.auth_user ALTER COLUMN id ADD GENERATED BY DEFAULT AS IDENTITY (
    SEQUENCE NAME public.auth_user_id_seq
    START WITH 1
    INCREMENT BY 1
    NO MINVALUE
    NO MAXVALUE
    CACHE 1
);


--
-- Name: auth_user_user_permissions; Type: TABLE; Schema: public; Owner: amlak
--

CREATE TABLE public.auth_user_user_permissions (
    id bigint NOT NULL,
    user_id integer NOT NULL,
    permission_id integer NOT NULL
);


ALTER TABLE public.auth_user_user_permissions OWNER TO amlak;

--
-- Name: auth_user_user_permissions_id_seq; Type: SEQUENCE; Schema: public; Owner: amlak
--

ALTER TABLE public.auth_user_user_permissions ALTER COLUMN id ADD GENERATED BY DEFAULT AS IDENTITY (
    SEQUENCE NAME public.auth_user_user_permissions_id_seq
    START WITH 1
    INCREMENT BY 1
    NO MINVALUE
    NO MAXVALUE
    CACHE 1
);


--
-- Name: customer_buycomment; Type: TABLE; Schema: public; Owner: amlak
--

CREATE TABLE public.customer_buycomment (
    id bigint NOT NULL,
    body text NOT NULL,
    created timestamp with time zone NOT NULL,
    updated timestamp with time zone NOT NULL,
    active boolean NOT NULL,
    file_id bigint NOT NULL,
    user_id integer NOT NULL
);


ALTER TABLE public.customer_buycomment OWNER TO amlak;

--
-- Name: customer_buycomment_id_seq; Type: SEQUENCE; Schema: public; Owner: amlak
--

ALTER TABLE public.customer_buycomment ALTER COLUMN id ADD GENERATED BY DEFAULT AS IDENTITY (
    SEQUENCE NAME public.customer_buycomment_id_seq
    START WITH 1
    INCREMENT BY 1
    NO MINVALUE
    NO MAXVALUE
    CACHE 1
);


--
-- Name: customer_buycustomer; Type: TABLE; Schema: public; Owner: amlak
--

CREATE TABLE public.customer_buycustomer (
    id bigint NOT NULL,
    customer_name character varying(150) NOT NULL,
    customer_phone character varying(12) NOT NULL,
    budget integer NOT NULL,
    property_type character varying(1) NOT NULL,
    added_by_id integer NOT NULL,
    created timestamp with time zone NOT NULL,
    elevator boolean NOT NULL,
    m2 integer,
    parking boolean NOT NULL,
    storage boolean NOT NULL,
    updated timestamp with time zone NOT NULL,
    year integer,
    bedroom integer,
    vahedha integer
);


ALTER TABLE public.customer_buycustomer OWNER TO amlak;

--
-- Name: customer_buycustomer_id_seq; Type: SEQUENCE; Schema: public; Owner: amlak
--

ALTER TABLE public.customer_buycustomer ALTER COLUMN id ADD GENERATED BY DEFAULT AS IDENTITY (
    SEQUENCE NAME public.customer_buycustomer_id_seq
    START WITH 1
    INCREMENT BY 1
    NO MINVALUE
    NO MAXVALUE
    CACHE 1
);


--
-- Name: customer_rentcomment; Type: TABLE; Schema: public; Owner: amlak
--

CREATE TABLE public.customer_rentcomment (
    id bigint NOT NULL,
    body text NOT NULL,
    created timestamp with time zone NOT NULL,
    updated timestamp with time zone NOT NULL,
    active boolean NOT NULL,
    file_id bigint NOT NULL,
    user_id integer NOT NULL
);


ALTER TABLE public.customer_rentcomment OWNER TO amlak;

--
-- Name: customer_rentcomment_id_seq; Type: SEQUENCE; Schema: public; Owner: amlak
--

ALTER TABLE public.customer_rentcomment ALTER COLUMN id ADD GENERATED BY DEFAULT AS IDENTITY (
    SEQUENCE NAME public.customer_rentcomment_id_seq
    START WITH 1
    INCREMENT BY 1
    NO MINVALUE
    NO MAXVALUE
    CACHE 1
);


--
-- Name: customer_rentcustomer; Type: TABLE; Schema: public; Owner: amlak
--

CREATE TABLE public.customer_rentcustomer (
    id bigint NOT NULL,
    customer_name character varying(150) NOT NULL,
    customer_phone character varying(12) NOT NULL,
    up_budget integer NOT NULL,
    rent_budget double precision NOT NULL,
    property_type character varying(1) NOT NULL,
    added_by_id integer NOT NULL,
    created timestamp with time zone NOT NULL,
    elevator boolean NOT NULL,
    m2 integer,
    parking boolean NOT NULL,
    storage boolean NOT NULL,
    updated timestamp with time zone NOT NULL,
    year integer,
    bedroom integer,
    vahedha integer
);


ALTER TABLE public.customer_rentcustomer OWNER TO amlak;

--
-- Name: customer_rentcustomer_id_seq; Type: SEQUENCE; Schema: public; Owner: amlak
--

ALTER TABLE public.customer_rentcustomer ALTER COLUMN id ADD GENERATED BY DEFAULT AS IDENTITY (
    SEQUENCE NAME public.customer_rentcustomer_id_seq
    START WITH 1
    INCREMENT BY 1
    NO MINVALUE
    NO MAXVALUE
    CACHE 1
);


--
-- Name: django_admin_log; Type: TABLE; Schema: public; Owner: amlak
--

CREATE TABLE public.django_admin_log (
    id integer NOT NULL,
    action_time timestamp with time zone NOT NULL,
    object_id text,
    object_repr character varying(200) NOT NULL,
    action_flag smallint NOT NULL,
    change_message text NOT NULL,
    content_type_id integer,
    user_id integer NOT NULL,
    CONSTRAINT django_admin_log_action_flag_check CHECK ((action_flag >= 0))
);


ALTER TABLE public.django_admin_log OWNER TO amlak;

--
-- Name: django_admin_log_id_seq; Type: SEQUENCE; Schema: public; Owner: amlak
--

ALTER TABLE public.django_admin_log ALTER COLUMN id ADD GENERATED BY DEFAULT AS IDENTITY (
    SEQUENCE NAME public.django_admin_log_id_seq
    START WITH 1
    INCREMENT BY 1
    NO MINVALUE
    NO MAXVALUE
    CACHE 1
);


--
-- Name: django_content_type; Type: TABLE; Schema: public; Owner: amlak
--

CREATE TABLE public.django_content_type (
    id integer NOT NULL,
    app_label character varying(100) NOT NULL,
    model character varying(100) NOT NULL
);


ALTER TABLE public.django_content_type OWNER TO amlak;

--
-- Name: django_content_type_id_seq; Type: SEQUENCE; Schema: public; Owner: amlak
--

ALTER TABLE public.django_content_type ALTER COLUMN id ADD GENERATED BY DEFAULT AS IDENTITY (
    SEQUENCE NAME public.django_content_type_id_seq
    START WITH 1
    INCREMENT BY 1
    NO MINVALUE
    NO MAXVALUE
    CACHE 1
);


--
-- Name: django_migrations; Type: TABLE; Schema: public; Owner: amlak
--

CREATE TABLE public.django_migrations (
    id bigint NOT NULL,
    app character varying(255) NOT NULL,
    name character varying(255) NOT NULL,
    applied timestamp with time zone NOT NULL
);


ALTER TABLE public.django_migrations OWNER TO amlak;

--
-- Name: django_migrations_id_seq; Type: SEQUENCE; Schema: public; Owner: amlak
--

ALTER TABLE public.django_migrations ALTER COLUMN id ADD GENERATED BY DEFAULT AS IDENTITY (
    SEQUENCE NAME public.django_migrations_id_seq
    START WITH 1
    INCREMENT BY 1
    NO MINVALUE
    NO MAXVALUE
    CACHE 1
);


--
-- Name: django_session; Type: TABLE; Schema: public; Owner: amlak
--

CREATE TABLE public.django_session (
    session_key character varying(40) NOT NULL,
    session_data text NOT NULL,
    expire_date timestamp with time zone NOT NULL
);


ALTER TABLE public.django_session OWNER TO amlak;

--
-- Name: django_site; Type: TABLE; Schema: public; Owner: amlak
--

CREATE TABLE public.django_site (
    id integer NOT NULL,
    domain character varying(100) NOT NULL,
    name character varying(50) NOT NULL
);


ALTER TABLE public.django_site OWNER TO amlak;

--
-- Name: django_site_id_seq; Type: SEQUENCE; Schema: public; Owner: amlak
--

ALTER TABLE public.django_site ALTER COLUMN id ADD GENERATED BY DEFAULT AS IDENTITY (
    SEQUENCE NAME public.django_site_id_seq
    START WITH 1
    INCREMENT BY 1
    NO MINVALUE
    NO MAXVALUE
    CACHE 1
);


--
-- Name: file_rent; Type: TABLE; Schema: public; Owner: amlak
--

CREATE TABLE public.file_rent (
    owner_name character varying(1000) NOT NULL,
    owner_phone character varying(12) NOT NULL,
    address text NOT NULL,
    m2 integer,
    price_up integer NOT NULL,
    price_rent double precision NOT NULL,
    year integer,
    floor integer,
    elevator boolean NOT NULL,
    storage boolean NOT NULL,
    parking boolean NOT NULL,
    property_type character varying(1) NOT NULL,
    id bigint NOT NULL,
    added_by_id integer NOT NULL,
    created timestamp with time zone NOT NULL,
    updated timestamp with time zone NOT NULL,
    image1 character varying(100) NOT NULL,
    image2 character varying(100) NOT NULL,
    image3 character varying(100) NOT NULL,
    image4 character varying(100) NOT NULL,
    image5 character varying(100) NOT NULL,
    bazdid character varying(100),
    bedroom integer,
    komod_divari boolean NOT NULL,
    parking_motor boolean NOT NULL,
    tabaghat integer,
    tabdil integer,
    takhlie character varying(100),
    vahedha integer,
    tenet_name character varying(100),
    tenet_phone character varying(12),
    status character varying(12) NOT NULL,
    divar_token character varying(8)
);


ALTER TABLE public.file_rent OWNER TO amlak;

--
-- Name: file_rent_id_seq; Type: SEQUENCE; Schema: public; Owner: amlak
--

ALTER TABLE public.file_rent ALTER COLUMN id ADD GENERATED BY DEFAULT AS IDENTITY (
    SEQUENCE NAME public.file_rent_id_seq
    START WITH 1
    INCREMENT BY 1
    NO MINVALUE
    NO MAXVALUE
    CACHE 1
);


--
-- Name: file_rentcomment; Type: TABLE; Schema: public; Owner: amlak
--

CREATE TABLE public.file_rentcomment (
    id bigint NOT NULL,
    body text NOT NULL,
    created timestamp with time zone NOT NULL,
    updated timestamp with time zone NOT NULL,
    active boolean NOT NULL,
    file_id bigint NOT NULL,
    user_id integer NOT NULL
);


ALTER TABLE public.file_rentcomment OWNER TO amlak;

--
-- Name: file_rentcomment_id_seq; Type: SEQUENCE; Schema: public; Owner: amlak
--

ALTER TABLE public.file_rentcomment ALTER COLUMN id ADD GENERATED BY DEFAULT AS IDENTITY (
    SEQUENCE NAME public.file_rentcomment_id_seq
    START WITH 1
    INCREMENT BY 1
    NO MINVALUE
    NO MAXVALUE
    CACHE 1
);


--
-- Name: file_rentimages; Type: TABLE; Schema: public; Owner: amlak
--

CREATE TABLE public.file_rentimages (
    id bigint NOT NULL,
    image character varying(100) NOT NULL
);


ALTER TABLE public.file_rentimages OWNER TO amlak;

--
-- Name: file_rentimages_id_seq; Type: SEQUENCE; Schema: public; Owner: amlak
--

ALTER TABLE public.file_rentimages ALTER COLUMN id ADD GENERATED BY DEFAULT AS IDENTITY (
    SEQUENCE NAME public.file_rentimages_id_seq
    START WITH 1
    INCREMENT BY 1
    NO MINVALUE
    NO MAXVALUE
    CACHE 1
);


--
-- Name: file_rentimages_post; Type: TABLE; Schema: public; Owner: amlak
--

CREATE TABLE public.file_rentimages_post (
    id bigint NOT NULL,
    rentimages_id bigint NOT NULL,
    rent_id bigint NOT NULL
);


ALTER TABLE public.file_rentimages_post OWNER TO amlak;

--
-- Name: file_rentimages_post_id_seq; Type: SEQUENCE; Schema: public; Owner: amlak
--

ALTER TABLE public.file_rentimages_post ALTER COLUMN id ADD GENERATED BY DEFAULT AS IDENTITY (
    SEQUENCE NAME public.file_rentimages_post_id_seq
    START WITH 1
    INCREMENT BY 1
    NO MINVALUE
    NO MAXVALUE
    CACHE 1
);


--
-- Name: file_sell; Type: TABLE; Schema: public; Owner: amlak
--

CREATE TABLE public.file_sell (
    owner_name character varying(1000) NOT NULL,
    owner_phone character varying(12) NOT NULL,
    address text NOT NULL,
    m2 integer,
    price integer NOT NULL,
    year integer,
    floor integer,
    elevator boolean NOT NULL,
    storage boolean NOT NULL,
    parking boolean NOT NULL,
    property_type character varying(1) NOT NULL,
    id bigint NOT NULL,
    added_by_id integer NOT NULL,
    created timestamp with time zone NOT NULL,
    updated timestamp with time zone NOT NULL,
    image1 character varying(100) NOT NULL,
    image2 character varying(100) NOT NULL,
    image3 character varying(100) NOT NULL,
    image4 character varying(100) NOT NULL,
    image5 character varying(100) NOT NULL,
    bazdid character varying(100),
    bedroom integer,
    komod_divari boolean NOT NULL,
    parking_motor boolean NOT NULL,
    tabaghat integer,
    takhlie character varying(100),
    vahedha integer,
    tenet_name character varying(100),
    tenet_phone character varying(12),
    status character varying(12) NOT NULL,
    divar_token character varying(8)
);


ALTER TABLE public.file_sell OWNER TO amlak;

--
-- Name: file_sell_id_seq; Type: SEQUENCE; Schema: public; Owner: amlak
--

ALTER TABLE public.file_sell ALTER COLUMN id ADD GENERATED BY DEFAULT AS IDENTITY (
    SEQUENCE NAME public.file_sell_id_seq
    START WITH 1
    INCREMENT BY 1
    NO MINVALUE
    NO MAXVALUE
    CACHE 1
);


--
-- Name: file_sellcomment; Type: TABLE; Schema: public; Owner: amlak
--

CREATE TABLE public.file_sellcomment (
    id bigint NOT NULL,
    body text NOT NULL,
    created timestamp with time zone NOT NULL,
    updated timestamp with time zone NOT NULL,
    active boolean NOT NULL,
    file_id bigint NOT NULL,
    user_id integer NOT NULL
);


ALTER TABLE public.file_sellcomment OWNER TO amlak;

--
-- Name: file_sellcomment_id_seq; Type: SEQUENCE; Schema: public; Owner: amlak
--

ALTER TABLE public.file_sellcomment ALTER COLUMN id ADD GENERATED BY DEFAULT AS IDENTITY (
    SEQUENCE NAME public.file_sellcomment_id_seq
    START WITH 1
    INCREMENT BY 1
    NO MINVALUE
    NO MAXVALUE
    CACHE 1
);


--
-- Name: file_sellimages; Type: TABLE; Schema: public; Owner: amlak
--

CREATE TABLE public.file_sellimages (
    id bigint NOT NULL,
    image character varying(100) NOT NULL
);


ALTER TABLE public.file_sellimages OWNER TO amlak;

--
-- Name: file_sellimages_id_seq; Type: SEQUENCE; Schema: public; Owner: amlak
--

ALTER TABLE public.file_sellimages ALTER COLUMN id ADD GENERATED BY DEFAULT AS IDENTITY (
    SEQUENCE NAME public.file_sellimages_id_seq
    START WITH 1
    INCREMENT BY 1
    NO MINVALUE
    NO MAXVALUE
    CACHE 1
);


--
-- Name: file_sellimages_post; Type: TABLE; Schema: public; Owner: amlak
--

CREATE TABLE public.file_sellimages_post (
    id bigint NOT NULL,
    sellimages_id bigint NOT NULL,
    sell_id bigint NOT NULL
);


ALTER TABLE public.file_sellimages_post OWNER TO amlak;

--
-- Name: file_sellimages_post_id_seq; Type: SEQUENCE; Schema: public; Owner: amlak
--

ALTER TABLE public.file_sellimages_post ALTER COLUMN id ADD GENERATED BY DEFAULT AS IDENTITY (
    SEQUENCE NAME public.file_sellimages_post_id_seq
    START WITH 1
    INCREMENT BY 1
    NO MINVALUE
    NO MAXVALUE
    CACHE 1
);


--
-- Name: taggit_tag; Type: TABLE; Schema: public; Owner: amlak
--

CREATE TABLE public.taggit_tag (
    id integer NOT NULL,
    name character varying(100) NOT NULL,
    slug character varying(100) NOT NULL
);


ALTER TABLE public.taggit_tag OWNER TO amlak;

--
-- Name: taggit_tag_id_seq; Type: SEQUENCE; Schema: public; Owner: amlak
--

ALTER TABLE public.taggit_tag ALTER COLUMN id ADD GENERATED BY DEFAULT AS IDENTITY (
    SEQUENCE NAME public.taggit_tag_id_seq
    START WITH 1
    INCREMENT BY 1
    NO MINVALUE
    NO MAXVALUE
    CACHE 1
);


--
-- Name: taggit_taggeditem; Type: TABLE; Schema: public; Owner: amlak
--

CREATE TABLE public.taggit_taggeditem (
    id integer NOT NULL,
    object_id integer NOT NULL,
    content_type_id integer NOT NULL,
    tag_id integer NOT NULL
);


ALTER TABLE public.taggit_taggeditem OWNER TO amlak;

--
-- Name: taggit_taggeditem_id_seq; Type: SEQUENCE; Schema: public; Owner: amlak
--

ALTER TABLE public.taggit_taggeditem ALTER COLUMN id ADD GENERATED BY DEFAULT AS IDENTITY (
    SEQUENCE NAME public.taggit_taggeditem_id_seq
    START WITH 1
    INCREMENT BY 1
    NO MINVALUE
    NO MAXVALUE
    CACHE 1
);


--
-- Data for Name: agents_m_profile; Type: TABLE DATA; Schema: public; Owner: amlak
--

COPY public.agents_m_profile (first_name, last_name, phone_number, user_id, field) FROM stdin;
علیرضا	امینی	09373990837	1	rent
\.


--
-- Data for Name: auth_group; Type: TABLE DATA; Schema: public; Owner: amlak
--

COPY public.auth_group (id, name) FROM stdin;
\.


--
-- Data for Name: auth_group_permissions; Type: TABLE DATA; Schema: public; Owner: amlak
--

COPY public.auth_group_permissions (id, group_id, permission_id) FROM stdin;
\.


--
-- Data for Name: auth_permission; Type: TABLE DATA; Schema: public; Owner: amlak
--

COPY public.auth_permission (id, name, content_type_id, codename) FROM stdin;
1	Can add buy customer	1	add_buycustomer
2	Can change buy customer	1	change_buycustomer
3	Can delete buy customer	1	delete_buycustomer
4	Can view buy customer	1	view_buycustomer
5	Can add rent customer	2	add_rentcustomer
6	Can change rent customer	2	change_rentcustomer
7	Can delete rent customer	2	delete_rentcustomer
8	Can view rent customer	2	view_rentcustomer
9	Can add Comment	3	add_rentcomment
10	Can change Comment	3	change_rentcomment
11	Can delete Comment	3	delete_rentcomment
12	Can view Comment	3	view_rentcomment
13	Can add Comment	4	add_buycomment
14	Can change Comment	4	change_buycomment
15	Can delete Comment	4	delete_buycomment
16	Can view Comment	4	view_buycomment
17	Can add profile	5	add_profile
18	Can change profile	5	change_profile
19	Can delete profile	5	delete_profile
20	Can view profile	5	view_profile
21	Can add sell	6	add_sell
22	Can change sell	6	change_sell
23	Can delete sell	6	delete_sell
24	Can view sell	6	view_sell
25	Can add rent	7	add_rent
26	Can change rent	7	change_rent
27	Can delete rent	7	delete_rent
28	Can view rent	7	view_rent
29	Can add sell images	8	add_sellimages
30	Can change sell images	8	change_sellimages
31	Can delete sell images	8	delete_sellimages
32	Can view sell images	8	view_sellimages
33	Can add rent images	9	add_rentimages
34	Can change rent images	9	change_rentimages
35	Can delete rent images	9	delete_rentimages
36	Can view rent images	9	view_rentimages
37	Can add Comment	10	add_rentcomment
38	Can change Comment	10	change_rentcomment
39	Can delete Comment	10	delete_rentcomment
40	Can view Comment	10	view_rentcomment
41	Can add Comment	11	add_sellcomment
42	Can change Comment	11	change_sellcomment
43	Can delete Comment	11	delete_sellcomment
44	Can view Comment	11	view_sellcomment
45	Can add log entry	12	add_logentry
46	Can change log entry	12	change_logentry
47	Can delete log entry	12	delete_logentry
48	Can view log entry	12	view_logentry
49	Can add permission	13	add_permission
50	Can change permission	13	change_permission
51	Can delete permission	13	delete_permission
52	Can view permission	13	view_permission
53	Can add group	14	add_group
54	Can change group	14	change_group
55	Can delete group	14	delete_group
56	Can view group	14	view_group
57	Can add user	15	add_user
58	Can change user	15	change_user
59	Can delete user	15	delete_user
60	Can view user	15	view_user
61	Can add content type	16	add_contenttype
62	Can change content type	16	change_contenttype
63	Can delete content type	16	delete_contenttype
64	Can view content type	16	view_contenttype
65	Can add session	17	add_session
66	Can change session	17	change_session
67	Can delete session	17	delete_session
68	Can view session	17	view_session
69	Can add site	18	add_site
70	Can change site	18	change_site
71	Can delete site	18	delete_site
72	Can view site	18	view_site
73	Can add tag	19	add_tag
74	Can change tag	19	change_tag
75	Can delete tag	19	delete_tag
76	Can view tag	19	view_tag
77	Can add tagged item	20	add_taggeditem
78	Can change tagged item	20	change_taggeditem
79	Can delete tagged item	20	delete_taggeditem
80	Can view tagged item	20	view_taggeditem
\.


--
-- Data for Name: auth_user; Type: TABLE DATA; Schema: public; Owner: amlak
--

COPY public.auth_user (id, password, last_login, is_superuser, username, first_name, last_name, email, is_staff, is_active, date_joined) FROM stdin;
1	pbkdf2_sha256$390000$H1b2MJXmoXlY2snLFEJKx6$OmdgPcZ8m3hy3rnwa5sBmHPaZCNvOGEad434yoMCDys=	2023-08-21 14:24:42.470546+02	t	alireza				t	t	2023-07-01 11:50:39.76391+02
\.


--
-- Data for Name: auth_user_groups; Type: TABLE DATA; Schema: public; Owner: amlak
--

COPY public.auth_user_groups (id, user_id, group_id) FROM stdin;
\.


--
-- Data for Name: auth_user_user_permissions; Type: TABLE DATA; Schema: public; Owner: amlak
--

COPY public.auth_user_user_permissions (id, user_id, permission_id) FROM stdin;
\.


--
-- Data for Name: customer_buycomment; Type: TABLE DATA; Schema: public; Owner: amlak
--

COPY public.customer_buycomment (id, body, created, updated, active, file_id, user_id) FROM stdin;
\.


--
-- Data for Name: customer_buycustomer; Type: TABLE DATA; Schema: public; Owner: amlak
--

COPY public.customer_buycustomer (id, customer_name, customer_phone, budget, property_type, added_by_id, created, elevator, m2, parking, storage, updated, year, bedroom, vahedha) FROM stdin;
12	فراهانی	09003079721	4500	A	1	2023-07-04 11:29:24.490617+02	f	70	f	f	2023-07-04 11:29:24.490657+02	1395	\N	0
10	کوهستانی	09363923316	3400	A	1	2023-07-01 18:22:30.563545+02	f	70	t	f	2023-07-04 12:00:09.267339+02	0	\N	0
13	اصغری	09183189289	3000	H	1	2023-07-04 12:07:20.038151+02	f	0	f	f	2023-07-04 12:07:20.038174+02	0	\N	0
14	خداکرم	09194470712	4500	A	1	2023-07-09 18:12:58.063958+02	f	60	t	f	2023-07-09 18:12:58.063985+02	1385	\N	0
18	صبوری	09122778205	4000	A	1	2023-07-11 18:23:58.584557+02	f	50	f	f	2023-07-11 18:23:58.584592+02	1390	0	0
19	شاه حسینی	09194808153	4800	A	1	2023-07-15 17:51:07.66128+02	f	75	t	f	2023-07-15 17:51:07.661343+02	0	0	0
20	عمارلو	09192345315	3300	A	1	2023-07-17 17:05:39.52273+02	f	50	t	f	2023-07-17 17:05:39.522767+02	1390	0	0
21	سرلک	09126899073	2300	A	1	2023-07-17 18:13:34.294335+02	f	0	f	f	2023-07-17 18:13:34.294349+02	0	0	0
22	علیپور	09191250495	1800	A	1	2023-07-19 18:33:03.447194+02	f	0	f	f	2023-07-19 18:33:03.447239+02	0	0	0
23	شربتی	09126456483	2500	A	1	2023-07-20 14:13:25.628753+02	f	0	t	f	2023-07-20 14:13:25.628769+02	0	0	0
24	حیدری	09171504503	1800	A	1	2023-07-22 17:53:36.630505+02	f	0	f	f	2023-07-22 17:53:36.630539+02	0	0	0
25	صادقی	09196017517	2500	A	1	2023-07-30 17:28:56.0502+02	f	50	f	f	2023-07-30 17:28:56.050239+02	0	0	0
\.


--
-- Data for Name: customer_rentcomment; Type: TABLE DATA; Schema: public; Owner: amlak
--

COPY public.customer_rentcomment (id, body, created, updated, active, file_id, user_id) FROM stdin;
\.


--
-- Data for Name: customer_rentcustomer; Type: TABLE DATA; Schema: public; Owner: amlak
--

COPY public.customer_rentcustomer (id, customer_name, customer_phone, up_budget, rent_budget, property_type, added_by_id, created, elevator, m2, parking, storage, updated, year, bedroom, vahedha) FROM stdin;
2	مهدی پور	09381038746	150	5	A	1	2023-07-04 19:09:05.540329+02	f	0	f	f	2023-07-04 19:09:05.540369+02	0	\N	0
4	سبزی	09128199675	1000	0	A	1	2023-07-16 17:15:16.931107+02	f	80	t	f	2023-07-16 17:15:16.931123+02	0	0	0
5	ناصری	09120918762	450	0	A	1	2023-08-13 19:37:07.595985+02	f	\N	f	f	2023-08-13 19:37:07.596019+02	\N	\N	\N
\.


--
-- Data for Name: django_admin_log; Type: TABLE DATA; Schema: public; Owner: amlak
--

COPY public.django_admin_log (id, action_time, object_id, object_repr, action_flag, change_message, content_type_id, user_id) FROM stdin;
1	2023-07-02 16:06:38.267906+02	10	کوهستانی	2	[{"changed": {"fields": ["Parking"]}}]	1	1
2	2023-08-21 14:25:17.327224+02	1	علیرضا with username: alireza	1	[{"added": {}}]	5	1
\.


--
-- Data for Name: django_content_type; Type: TABLE DATA; Schema: public; Owner: amlak
--

COPY public.django_content_type (id, app_label, model) FROM stdin;
1	customer	buycustomer
2	customer	rentcustomer
3	customer	rentcomment
4	customer	buycomment
5	agents_m	profile
6	file	sell
7	file	rent
8	file	sellimages
9	file	rentimages
10	file	rentcomment
11	file	sellcomment
12	admin	logentry
13	auth	permission
14	auth	group
15	auth	user
16	contenttypes	contenttype
17	sessions	session
18	sites	site
19	taggit	tag
20	taggit	taggeditem
\.


--
-- Data for Name: django_migrations; Type: TABLE DATA; Schema: public; Owner: amlak
--

COPY public.django_migrations (id, app, name, applied) FROM stdin;
1	contenttypes	0001_initial	2023-07-01 10:56:58.042676+02
2	auth	0001_initial	2023-07-01 10:56:58.925982+02
3	admin	0001_initial	2023-07-01 10:56:59.125738+02
4	admin	0002_logentry_remove_auto_add	2023-07-01 10:56:59.147531+02
5	admin	0003_logentry_add_action_flag_choices	2023-07-01 10:56:59.171996+02
6	agents_m	0001_initial	2023-07-01 10:56:59.400773+02
7	contenttypes	0002_remove_content_type_name	2023-07-01 10:56:59.453537+02
8	auth	0002_alter_permission_name_max_length	2023-07-01 10:56:59.481931+02
9	auth	0003_alter_user_email_max_length	2023-07-01 10:56:59.507035+02
10	auth	0004_alter_user_username_opts	2023-07-01 10:56:59.534949+02
11	auth	0005_alter_user_last_login_null	2023-07-01 10:56:59.55638+02
12	auth	0006_require_contenttypes_0002	2023-07-01 10:56:59.56763+02
13	auth	0007_alter_validators_add_error_messages	2023-07-01 10:56:59.588172+02
14	auth	0008_alter_user_username_max_length	2023-07-01 10:56:59.650313+02
15	auth	0009_alter_user_last_name_max_length	2023-07-01 10:56:59.681433+02
16	auth	0010_alter_group_name_max_length	2023-07-01 10:56:59.71019+02
17	auth	0011_update_proxy_permissions	2023-07-01 10:56:59.730601+02
18	auth	0012_alter_user_first_name_max_length	2023-07-01 10:56:59.758083+02
19	customer	0001_initial	2023-07-01 10:56:59.851307+02
20	customer	0002_buycustomer_type_rentcustomer_type	2023-07-01 10:56:59.878112+02
21	customer	0003_buycustomer_added_by_buycustomer_created_and_more	2023-07-01 10:57:00.217911+02
22	customer	0004_alter_buycustomer_m2_alter_buycustomer_year_and_more	2023-07-01 10:57:00.288334+02
23	customer	0005_alter_buycustomer_options_alter_rentcustomer_options	2023-07-01 10:57:00.324505+02
24	customer	0006_rentcomment_buycomment	2023-07-01 10:57:00.676985+02
25	customer	0007_alter_buycomment_file_alter_buycomment_user	2023-07-01 10:57:00.73106+02
26	taggit	0001_initial	2023-07-01 10:57:01.110587+02
27	taggit	0002_auto_20150616_2121	2023-07-01 10:57:01.164131+02
28	taggit	0003_taggeditem_add_unique_index	2023-07-01 10:57:01.231203+02
29	taggit	0004_alter_taggeditem_content_type_alter_taggeditem_tag	2023-07-01 10:57:01.289234+02
30	taggit	0005_auto_20220424_2025	2023-07-01 10:57:01.307303+02
31	file	0001_initial	2023-07-01 10:57:01.516233+02
32	file	0002_alter_rent_tags_alter_sell_parking_alter_sell_tags	2023-07-01 10:57:01.592619+02
33	file	0003_alter_sell_type	2023-07-01 10:57:01.611752+02
34	file	0004_alter_rent_type	2023-07-01 10:57:01.62737+02
35	file	0005_alter_rent_type_alter_sell_type	2023-07-01 10:57:01.650199+02
36	file	0006_alter_rent_type_alter_sell_type	2023-07-01 10:57:01.851178+02
37	file	0007_remove_rent_id_remove_sell_id_rent_file_id_and_more	2023-07-01 10:57:01.968871+02
38	file	0008_remove_rent_file_id_remove_sell_file_id_rent_id_and_more	2023-07-01 10:57:02.086832+02
39	file	0009_rent_file_id_sell_file_id	2023-07-01 10:57:02.118849+02
40	file	0010_alter_rent_id_alter_sell_id	2023-07-01 10:57:02.173219+02
41	file	0011_alter_rent_file_id_alter_sell_file_id	2023-07-01 10:57:02.209024+02
42	file	0012_alter_rent_file_id_alter_sell_file_id	2023-07-01 10:57:02.227078+02
43	file	0013_remove_rent_file_id_remove_sell_file_id	2023-07-01 10:57:02.254083+02
44	file	0014_alter_rent_owner_name_alter_rent_owner_phone_and_more	2023-07-01 10:57:02.285292+02
45	file	0015_rename_tags_sell_tag_manager	2023-07-01 10:57:02.299044+02
46	file	0016_rename_tags_rent_tags_manager_rent_added_by_and_more	2023-07-01 10:57:02.443998+02
47	file	0017_alter_rent_added_by_alter_sell_added_by	2023-07-01 10:57:02.494492+02
48	file	0018_comment	2023-07-01 10:57:02.685861+02
49	file	0019_alter_comment_body	2023-07-01 10:57:02.707324+02
50	file	0020_alter_comment_user	2023-07-01 10:57:02.806297+02
51	file	0021_alter_comment_user_alter_rent_added_by_and_more	2023-07-01 10:57:02.890132+02
52	file	0022_alter_rent_added_by_alter_sell_added_by	2023-07-01 10:57:03.217459+02
53	file	0023_alter_comment_user	2023-07-01 10:57:03.450259+02
54	file	0024_alter_comment_file	2023-07-01 10:57:03.49912+02
55	file	0025_alter_comment_user	2023-07-01 10:57:03.534384+02
56	file	0026_alter_comment_file	2023-07-01 10:57:03.570625+02
57	file	0027_alter_comment_user	2023-07-01 10:57:03.64959+02
58	file	0028_rent_created_rent_pictures_rent_updated_sell_created_and_more	2023-07-01 10:57:03.786844+02
59	file	0029_alter_rent_pictures_alter_sell_pictures	2023-07-01 10:57:03.833614+02
60	file	0030_remove_rent_pictures_remove_sell_pictures	2023-07-01 10:57:03.879004+02
61	file	0031_alter_rent_options_alter_sell_options_sellimages_and_more	2023-07-01 10:57:04.313408+02
62	file	0032_sell_image1_sell_image2_sell_image3_sell_image4_and_more	2023-07-01 10:57:04.465837+02
63	file	0033_rentcomment	2023-07-01 10:57:04.722765+02
64	file	0034_rent_image1_rent_image2_rent_image3_rent_image4_and_more	2023-07-01 10:57:04.878335+02
65	file	0035_alter_rent_type	2023-07-01 10:57:04.916219+02
66	file	0036_alter_sell_type	2023-07-01 10:57:04.945688+02
67	file	0037_alter_sell_type	2023-07-01 10:57:04.977605+02
68	file	0038_sellcomment_delete_comment	2023-07-01 10:57:05.181092+02
69	file	0039_rent_bazdid_rent_bedroom_rent_komod_divari_and_more	2023-07-01 10:57:05.502924+02
70	file	0040_alter_rent_takhlie	2023-07-01 10:57:05.534277+02
71	file	0041_alter_sell_bazdid_alter_sell_takhlie	2023-07-01 10:57:05.583445+02
72	file	0042_alter_rent_bazdid_alter_rent_bedroom_and_more	2023-07-01 10:57:05.875774+02
73	file	0043_alter_rent_added_by	2023-07-01 10:57:05.915817+02
74	sessions	0001_initial	2023-07-01 10:57:06.097271+02
75	sites	0001_initial	2023-07-01 10:57:06.138638+02
76	sites	0002_alter_domain_unique	2023-07-01 10:57:06.222685+02
77	customer	0008_alter_rentcustomer_rent_budget_and_more	2023-07-05 10:48:24.35003+02
78	file	0044_alter_rent_price_rent_alter_rent_price_up	2023-07-05 10:48:24.787376+02
79	customer	0009_alter_rentcustomer_up_budget	2023-07-08 09:44:24.552058+02
80	file	0045_alter_rent_price_up	2023-07-08 09:44:24.773459+02
81	customer	0010_buycustomer_bedroom_rentcustomer_bedroom	2023-07-08 11:36:29.929522+02
82	customer	0011_buycustomer_vahedha_rentcustomer_vahedha	2023-07-10 10:25:07.548328+02
83	customer	0012_alter_buycustomer_vahedha_alter_rentcustomer_vahedha	2023-07-10 10:31:59.144512+02
84	customer	0013_rename_type_buycustomer_property_type_and_more	2023-08-08 03:05:35.950571+02
85	file	0046_rename_type_rent_property_type_and_more	2023-08-08 03:05:36.082739+02
86	file	0047_rent_tenet_name_rent_tenet_phone_sell_tenet_name_and_more	2023-08-10 16:39:43.627157+02
87	file	0048_alter_sell_m2_alter_sell_year	2023-08-10 16:39:43.767526+02
88	file	0049_rent_status_sell_status_alter_sell_floor	2023-08-10 16:43:07.607186+02
89	agents_m	0002_profile_field_alter_profile_user	2023-08-20 14:48:47.997337+02
90	agents_m	0003_remove_profile_id_alter_profile_user	2023-08-20 14:48:48.19596+02
91	agents_m	0004_alter_profile_field	2023-08-20 14:48:48.258902+02
92	file	0050_alter_sell_added_by	2023-08-20 14:48:48.35098+02
93	file	0047_rent_divar_token_sell_divar_token	2023-08-20 14:48:48.525817+02
94	file	0051_merge_20230820_1618	2023-08-20 14:48:48.536117+02
95	file	0051_merge_20230822_1315	2023-08-23 10:30:49.159428+02
96	file	0052_alter_rent_tabdil	2023-08-23 10:30:49.306773+02
97	file	0053_alter_rent_tabdil	2023-08-23 10:30:49.387554+02
\.


--
-- Data for Name: django_session; Type: TABLE DATA; Schema: public; Owner: amlak
--

COPY public.django_session (session_key, session_data, expire_date) FROM stdin;
fq6qy6b43ns3a9jt8uero0gag5fxlj1c	.eJxVjDsOAiEUAO9CbQj_j6X9noHweCCrBpJltzLe3ZBsoe3MZN4kxGOv4Rh5CyuSK-Hk8ssgpmduU-Ajtnunqbd9W4HOhJ520KVjft3O9m9Q46hzq4ThRRqroNiEvgBPiWvBCmQH0kghOTKZnfOqMAtMohaIzGdEbTWSzxfZMzfN:1qFd2v:daE0M3psh4KdwbvrgfGvnWqB8ecLiacruembxAtr6Ts	2023-07-15 18:02:01.250498+02
9xwcthtj1l1tamx6wybeed3fdu1a4981	.eJxVjDsOAiEUAO9CbQj_j6X9noHweCCrBpJltzLe3ZBsoe3MZN4kxGOv4Rh5CyuSK-Hk8ssgpmduU-Ajtnunqbd9W4HOhJ520KVjft3O9m9Q46hzq4ThRRqroNiEvgBPiWvBCmQH0kghOTKZnfOqMAtMohaIzGdEbTWSzxfZMzfN:1qFdgv:6o2RproHO7-diQVtbNe8abRZytZnQrWXMX-myzh52jw	2023-07-15 18:43:21.808384+02
3ux5g038u3zgrox4j092ub9wglde9pv4	.eJxVjDsOAiEUAO9CbQj_j6X9noHweCCrBpJltzLe3ZBsoe3MZN4kxGOv4Rh5CyuSK-Hk8ssgpmduU-Ajtnunqbd9W4HOhJ520KVjft3O9m9Q46hzq4ThRRqroNiEvgBPiWvBCmQH0kghOTKZnfOqMAtMohaIzGdEbTWSzxfZMzfN:1qFdjA:8O-dsvtqP_Hii0_Mj9CfXZ347Vg2sOw6ktCOrdG_P74	2023-07-15 18:45:40.112003+02
rdfqmjx0eq8hqwqo3ycfijn8b9gyxe4j	.eJxVjDsOAiEUAO9CbQj_j6X9noHweCCrBpJltzLe3ZBsoe3MZN4kxGOv4Rh5CyuSK-Hk8ssgpmduU-Ajtnunqbd9W4HOhJ520KVjft3O9m9Q46hzq4ThRRqroNiEvgBPiWvBCmQH0kghOTKZnfOqMAtMohaIzGdEbTWSzxfZMzfN:1qFevB:T8LAonY2r6nw-3mgHo5NsCaoRkNxEegYCcSkGop3guE	2023-07-15 20:02:10.01055+02
sdlxyig367f2ww553zc04x2qtcoes1ur	.eJxVjDsOAiEUAO9CbQj_j6X9noHweCCrBpJltzLe3ZBsoe3MZN4kxGOv4Rh5CyuSK-Hk8ssgpmduU-Ajtnunqbd9W4HOhJ520KVjft3O9m9Q46hzq4ThRRqroNiEvgBPiWvBCmQH0kghOTKZnfOqMAtMohaIzGdEbTWSzxfZMzfN:1qFsQb:H6uxfrgF3jatsHlqZBkC6fuL8m7tO1p-jvhdsVbIokI	2023-07-16 10:27:29.260086+02
uptsgxtc01irz0rnmn3bshwfgd17g811	.eJxVjDsOAiEUAO9CbQj_j6X9noHweCCrBpJltzLe3ZBsoe3MZN4kxGOv4Rh5CyuSK-Hk8ssgpmduU-Ajtnunqbd9W4HOhJ520KVjft3O9m9Q46hzq4ThRRqroNiEvgBPiWvBCmQH0kghOTKZnfOqMAtMohaIzGdEbTWSzxfZMzfN:1qGF9i:4VAf8ex7BMeREGd5-AR-2_TYVHrhhbahckHhi-opT0E	2023-07-17 10:43:34.712455+02
ao339botx24n3fq8xt7h8hxsqjbimjku	.eJxVjDsOAiEUAO9CbQj_j6X9noHweCCrBpJltzLe3ZBsoe3MZN4kxGOv4Rh5CyuSK-Hk8ssgpmduU-Ajtnunqbd9W4HOhJ520KVjft3O9m9Q46hzq4ThRRqroNiEvgBPiWvBCmQH0kghOTKZnfOqMAtMohaIzGdEbTWSzxfZMzfN:1qGKs5:T_QQUSXacXurL79baS9-8gDyqO_FYC_qWXGO8yXRr38	2023-07-17 16:49:45.406088+02
hvxlpwlg4cb5s6gkfpxqn5p5mln7sdim	.eJxVjDsOAiEUAO9CbQj_j6X9noHweCCrBpJltzLe3ZBsoe3MZN4kxGOv4Rh5CyuSK-Hk8ssgpmduU-Ajtnunqbd9W4HOhJ520KVjft3O9m9Q46hzq4ThRRqroNiEvgBPiWvBCmQH0kghOTKZnfOqMAtMohaIzGdEbTWSzxfZMzfN:1qGh3N:OuapqyqiqeZvyRAc6-VzbflGErbvaG3dZLo2tbcsm84	2023-07-18 16:30:53.037061+02
qx899y84pkndd74smer7o6o2vgn18lv0	.eJxVjDsOAiEUAO9CbQj_j6X9noHweCCrBpJltzLe3ZBsoe3MZN4kxGOv4Rh5CyuSK-Hk8ssgpmduU-Ajtnunqbd9W4HOhJ520KVjft3O9m9Q46hzq4ThRRqroNiEvgBPiWvBCmQH0kghOTKZnfOqMAtMohaIzGdEbTWSzxfZMzfN:1qInr4:ho2Oq7SdL6q2hgeAUL1sJ1djBwWw7mHRfdKQvFanq2c	2023-07-24 12:10:54.722788+02
he05zwctcy6mrxl1gpbuppch218fa36n	.eJxVjDsOAiEUAO9CbQj_j6X9noHweCCrBpJltzLe3ZBsoe3MZN4kxGOv4Rh5CyuSK-Hk8ssgpmduU-Ajtnunqbd9W4HOhJ520KVjft3O9m9Q46hzq4ThRRqroNiEvgBPiWvBCmQH0kghOTKZnfOqMAtMohaIzGdEbTWSzxfZMzfN:1qKhWY:XhXKbQ-G2iNK2nuWSMkT_OVGGFlWtJrU8amoOHASQus	2023-07-29 17:49:34.221787+02
t3g0j7wdz2h8n7q274y603dndr33dtci	.eJxVjDsOAiEUAO9CbQj_j6X9noHweCCrBpJltzLe3ZBsoe3MZN4kxGOv4Rh5CyuSK-Hk8ssgpmduU-Ajtnunqbd9W4HOhJ520KVjft3O9m9Q46hzq4ThRRqroNiEvgBPiWvBCmQH0kghOTKZnfOqMAtMohaIzGdEbTWSzxfZMzfN:1qKj0p:Btp0w-vKtejIFYnu2YzmZR_i7pkr_AtHbeeSIV218qU	2023-07-29 19:24:55.296587+02
wbetdn88o6qrpbkwqgp84pkqe94bf3kh	.eJxVjDsOAiEUAO9CbQj_j6X9noHweCCrBpJltzLe3ZBsoe3MZN4kxGOv4Rh5CyuSK-Hk8ssgpmduU-Ajtnunqbd9W4HOhJ520KVjft3O9m9Q46hzq4ThRRqroNiEvgBPiWvBCmQH0kghOTKZnfOqMAtMohaIzGdEbTWSzxfZMzfN:1qL2l5:NSvQFEtPhZtXrdH9LyPgPA7iWCP2OIZAN1giixe0pxA	2023-07-30 16:29:59.047732+02
u3ggs1i55x21ocsmaiqj64lnmv2u017x	.eJxVjDsOAiEUAO9CbQj_j6X9noHweCCrBpJltzLe3ZBsoe3MZN4kxGOv4Rh5CyuSK-Hk8ssgpmduU-Ajtnunqbd9W4HOhJ520KVjft3O9m9Q46hzq4ThRRqroNiEvgBPiWvBCmQH0kghOTKZnfOqMAtMohaIzGdEbTWSzxfZMzfN:1qLQhE:xItcrEJYvXeBRPp4wdBA2uFhsRQYkhiMGFQwGh7FYb8	2023-07-31 18:03:36.870149+02
pw50j5kp0alj7azwb5anh3o0nr7e80id	.eJxVjDsOAiEUAO9CbQj_j6X9noHweCCrBpJltzLe3ZBsoe3MZN4kxGOv4Rh5CyuSK-Hk8ssgpmduU-Ajtnunqbd9W4HOhJ520KVjft3O9m9Q46hzq4ThRRqroNiEvgBPiWvBCmQH0kghOTKZnfOqMAtMohaIzGdEbTWSzxfZMzfN:1qLlXa:1LDUFWk45e7KXQkFBRuSD_gXfKHiN-TBCdJtSIdoeCc	2023-08-01 16:19:02.389864+02
t7ac0lkgn1rp4jhm8req8vjqr7o2wrh4	.eJxVjDsOAiEUAO9CbQj_j6X9noHweCCrBpJltzLe3ZBsoe3MZN4kxGOv4Rh5CyuSK-Hk8ssgpmduU-Ajtnunqbd9W4HOhJ520KVjft3O9m9Q46hzq4ThRRqroNiEvgBPiWvBCmQH0kghOTKZnfOqMAtMohaIzGdEbTWSzxfZMzfN:1qM8Lo:8bB4m3ZVU5P_T-U-u10obrwOydIACMpIOf8K0PG4ank	2023-08-02 16:40:24.729779+02
wj6bv3yca0hhmdf2jav7zc1foyctvmcv	.eJxVjDsOAiEUAO9CbQj_j6X9noHweCCrBpJltzLe3ZBsoe3MZN4kxGOv4Rh5CyuSK-Hk8ssgpmduU-Ajtnunqbd9W4HOhJ520KVjft3O9m9Q46hzq4ThRRqroNiEvgBPiWvBCmQH0kghOTKZnfOqMAtMohaIzGdEbTWSzxfZMzfN:1qMSUR:Y3lfMsrpxcHlToevEbtnyBSkQ1g3yx77ggln6Nr9wnE	2023-08-03 14:10:39.098573+02
qxokk9hdieheso4huvqxxr4buj35ey0h	.eJxVjDsOAiEUAO9CbQj_j6X9noHweCCrBpJltzLe3ZBsoe3MZN4kxGOv4Rh5CyuSK-Hk8ssgpmduU-Ajtnunqbd9W4HOhJ520KVjft3O9m9Q46hzq4ThRRqroNiEvgBPiWvBCmQH0kghOTKZnfOqMAtMohaIzGdEbTWSzxfZMzfN:1qMV2K:gEZLGi9KoxBfPhdMMqq_ODY9tg4Hv7ZCC52Up4KUtY8	2023-08-03 16:53:48.752392+02
zc9i0pzl6vg5szkx81u4rg48ir7zmps7	.eJxVjDsOAiEUAO9CbQj_j6X9noHweCCrBpJltzLe3ZBsoe3MZN4kxGOv4Rh5CyuSK-Hk8ssgpmduU-Ajtnunqbd9W4HOhJ520KVjft3O9m9Q46hzq4ThRRqroNiEvgBPiWvBCmQH0kghOTKZnfOqMAtMohaIzGdEbTWSzxfZMzfN:1qNETz:PEk6a0a7UqwU0OqQsLROXPRav8EHkeXGZpXvs77UUIg	2023-08-05 17:25:23.508147+02
0il2wzxcx2irtwpmodqxzsgu8tnlomg5	.eJxVjDsOAiEUAO9CbQj_j6X9noHweCCrBpJltzLe3ZBsoe3MZN4kxGOv4Rh5CyuSK-Hk8ssgpmduU-Ajtnunqbd9W4HOhJ520KVjft3O9m9Q46hzq4ThRRqroNiEvgBPiWvBCmQH0kghOTKZnfOqMAtMohaIzGdEbTWSzxfZMzfN:1qRJRt:O-XK190LVWlucYT9EGlge4hk8Zyt1K6TEJSuZ4EKo8w	2023-08-16 23:32:05.47023+02
8v9t2ci1uc04auzujnkoki67f4gk9utx	.eJxVjDsOAiEUAO9CbQj_j6X9noHweCCrBpJltzLe3ZBsoe3MZN4kxGOv4Rh5CyuSK-Hk8ssgpmduU-Ajtnunqbd9W4HOhJ520KVjft3O9m9Q46hzq4ThRRqroNiEvgBPiWvBCmQH0kghOTKZnfOqMAtMohaIzGdEbTWSzxfZMzfN:1qY3xa:cdaRmXIwImiCQItxEWGwIhmUSPoY9U689dJrwy05-oM	2023-09-04 14:24:42.476692+02
\.


--
-- Data for Name: django_site; Type: TABLE DATA; Schema: public; Owner: amlak
--

COPY public.django_site (id, domain, name) FROM stdin;
1	example.com	example.com
\.


--
-- Data for Name: file_rent; Type: TABLE DATA; Schema: public; Owner: amlak
--

COPY public.file_rent (owner_name, owner_phone, address, m2, price_up, price_rent, year, floor, elevator, storage, parking, property_type, id, added_by_id, created, updated, image1, image2, image3, image4, image5, bazdid, bedroom, komod_divari, parking_motor, tabaghat, tabdil, takhlie, vahedha, tenet_name, tenet_phone, status, divar_token) FROM stdin;
خدابنده	09374767606	خیابان صفری کوچه ی نوری پ 1	45	350	0	1392	2	f	t	f	A	3	1	2023-07-02 10:30:00.319285+02	2023-07-02 10:30:00.319306+02						هماهنگی	1	f	t	2	0	4	0	\N	\N	ACTIVE	\N
ارشالو	09106144724	تیر دوغلو خ مهاجر کوچه دماغ پ28	55	150	5	1387	1	f	f	f	A	7	1	2023-07-02 10:38:25.596095+02	2023-07-02 10:38:25.596114+02						هماهنگی	1	f	t	3	0	0	0	\N	\N	ACTIVE	\N
رضایی	09123771758	خ سعیدی پ35	48	350	0	1392	1	f	t	f	A	8	1	2023-07-02 10:45:29.019361+02	2023-07-02 10:45:29.019381+02						هماهنگی	1	f	t	5	0	0	0	\N	\N	ACTIVE	\N
ناصری	09300507041	هاشم اباد خ موسوی بن بست اهنی پ5	41	280	0	1387	2	f	t	t	A	9	1	2023-07-02 10:54:36.46348+02	2023-07-02 10:54:36.463499+02						هماهنگی	1	f	t	4	0	0	0	\N	\N	ACTIVE	\N
چهل ستونی	09384961809	خ ال اقا ک برادران هدایتی بن بست بابایی	71	400	2	1392	4	f	t	f	A	10	1	2023-07-02 11:03:22.064046+02	2023-07-02 11:03:22.064065+02						هماهنگی	2	f	t	4	0	0	0	\N	\N	ACTIVE	\N
شیری	09128788827	کوچه نجفی	87	650	0	1400	3	f	f	t	A	16	1	2023-07-02 12:27:38.943065+02	2023-07-02 12:27:38.943084+02						هماهنگی	2	f	t	4	0	0	4	\N	\N	ACTIVE	\N
توکلی	09026429901	عارف جنوبی	74	600	0	0	2	f	t	t	A	17	1	2023-07-02 12:30:24.26111+02	2023-07-02 12:30:24.261127+02						هماهنگی	2	f	t	4	0	0	0	\N	\N	ACTIVE	\N
فروغی	09121975171	خ 17 شهریور کوچه ی هاشمی	73	500	0	1380	3	f	t	f	A	21	1	2023-07-02 12:34:35.376937+02	2023-07-02 12:34:35.376955+02						هماهنگی	2	f	t	4	0	0	0	\N	\N	ACTIVE	\N
شاملو	09199247674	چنب درمانگاه ولی اله پ ۳۱۶	25	50	3	0	-1	f	f	f	A	22	1	2023-07-04 16:37:18.541467+02	2023-07-04 16:37:18.541484+02						هماهنگی	0	f	f	0	0	0	0	\N	\N	ACTIVE	\N
عاطفی	09192478302	خ اسفندیاری - بن بست دولابی - پلاک ۶ واحد 2	120	900	0	1390	0	f	t	f	A	24	1	2023-07-04 16:43:55.778428+02	2023-07-04 16:43:55.778444+02						هماهنگی	3	f	t	3	0	0	2	\N	\N	ACTIVE	\N
سمیعی	33714055	اسفندیاری - کوچه قربانی فر - بن بست لاله پلاک۱	80	200	5	0	0	f	f	f	A	25	1	2023-07-04 16:46:43.342016+02	2023-07-04 16:46:43.34203+02						هماهنگی	2	f	f	0	0	0	0	\N	\N	ACTIVE	\N
شازلی	09167165393	میثم - کیانی - شریعت - متری اول پلاک۳ واحد	55	380	0	1391	4	f	f	t	A	27	1	2023-07-04 16:52:44.741076+02	2023-07-04 16:52:44.741106+02						هماهنگی	1	f	f	4	0	0	2	\N	\N	ACTIVE	\N
نهانی	09373955109	هشت متری مرادی کوچه کاظمیان پ۴ زنگ۲	56	280	0	1385	0	f	t	f	A	28	1	2023-07-04 16:54:29.003184+02	2023-07-04 16:54:29.003217+02						هماهنگی	1	f	f	4	0	0	1	\N	\N	ACTIVE	\N
رضایی	09123771758	نبش مینا جنوبی پلاک ۳۵	48	350	0	1392	1	f	t	f	A	29	1	2023-07-04 16:57:17.869946+02	2023-07-04 16:57:17.869961+02						هماهنگی	1	f	f	5	0	0	1	\N	\N	ACTIVE	\N
مقدم	09127628898	میثم - کوچه فاطمیه پلاک ۶۴ ط۲ واحد ۴	60	150	8	1384	2	f	f	t	A	30	1	2023-07-04 16:59:59.962269+02	2023-07-04 16:59:59.962295+02						هماهنگی	1	f	f	0	0	0	0	\N	\N	ACTIVE	\N
خدانبرد	09374767606	خ صفری - نوری پلاک ۱	45	350	0	1392	2	f	t	f	A	31	1	2023-07-04 17:04:50.206296+02	2023-07-04 17:04:50.206339+02						هماهنگی	1	f	t	3	0	0	0	\N	\N	ACTIVE	\N
تقی زاده	09368966103	توانایی پلاک۶ طبقه ۳	70	350	650	1393	3	f	t	t	A	32	1	2023-07-04 17:07:07.434896+02	2023-07-04 17:07:07.434941+02						هماهنگی	2	f	f	4	0	0	2	\N	\N	ACTIVE	\N
خورشیدی	09028371366	خ کیانی -ناصر ملکی پ۴	50	180	6	1382	1	f	f	f	A	33	1	2023-07-04 17:12:56.765415+02	2023-07-04 17:12:56.76543+02						هماهنگی	1	f	f	4	0	0	1	\N	\N	ACTIVE	\N
خورشیدی	09028371366	خ کیانی -ناصر ملکی پ۴	50	180	6	1382	1	f	f	f	A	34	1	2023-07-04 17:13:09.45452+02	2023-07-04 17:13:09.454536+02						هماهنگی	1	f	f	4	0	0	1	\N	\N	ACTIVE	\N
چهل ستونی	09384961809	خ آل آقا - برادران هدایتی - بن بست بابایی - پ۱۳	71	400	2	1392	4	f	t	f	A	35	1	2023-07-04 17:16:42.180327+02	2023-07-04 17:16:42.180349+02						هماهنگی	2	f	t	4	0	0	1	\N	\N	ACTIVE	\N
اکبری	09120944042	جنگرویی - ابتدای کوچه فدایی 	60	400	1	1387	4	f	t	f	A	36	1	2023-07-04 17:18:51.718938+02	2023-07-04 17:18:51.71896+02						هماهنگی	4	f	t	5	0	0	1	\N	\N	ACTIVE	\N
مومنی	09921310412	خ عجب گل - کوچه نورایی پ۳ ط۲ شرقی	75	300	2	1382	2	f	t	f	A	37	1	2023-07-04 17:34:56.323156+02	2023-07-04 17:34:56.32318+02						هماهنگی	1	f	t	4	0	0	0	\N	\N	ACTIVE	\N
صدیقی	09912971527	پاسدار گمنام - واضحی فر - جعفری صفایی پ۳ ط همکف	100	200	5	1382	0	f	t	f	A	38	1	2023-07-04 17:37:59.539579+02	2023-07-04 17:37:59.539604+02						هماهنگی	2	f	t	0	0	0	0	\N	\N	ACTIVE	\N
صالحی	09227134109	خ کیانی - پوردکان شمالی - پ۳۹ واحد ۶	70	120	12	0	3	f	t	t	A	39	1	2023-07-04 17:40:01.54777+02	2023-07-04 17:40:01.547823+02						هماهنگی	2	f	f	4	0	0	0	\N	\N	ACTIVE	\N
شهرامی	09127270644	خ شیرازی - نظری 	44	180	2	1392	2	f	t	f	A	40	1	2023-07-04 17:41:37.119743+02	2023-07-04 17:41:37.119763+02						هماهنگی	1	f	t	4	0	0	0	\N	\N	ACTIVE	\N
حکمتی	09396855733	اسدی - کاظمی منش - پلاک ۱۰ 	70	300	6	1402	2	f	f	f	A	41	1	2023-07-04 17:56:50.108179+02	2023-07-04 17:56:50.108201+02						هماهنگی	2	f	t	4	0	0	0	\N	\N	ACTIVE	\N
نقی زاده	09335674270‍	اسفندیاری - گل شناس - بن بست نیکنام - پلاک1 طبقه همکف واحد 1	46	130	5	1380	0	f	f	f	A	26	1	2023-07-04 16:50:14.665622+02	2023-07-05 18:39:02.134239+02						5 تا 7	1	f	f	3	0	0	2	\N	\N	ACTIVE	\N
حاج ابوالقاسم	09352560981	خ بهشت - کوچه حیدر خدایی - بن بست نیک - درب رو به رو	80	50	7	1382	-1	f	f	f	A	43	1	2023-07-05 18:54:57.754925+02	2023-07-05 18:54:57.754941+02						09124463310 خدایی 	2	f	t	3	0	0	2	\N	\N	ACTIVE	\N
ستایش	09037301864	پاسدار گمنام - صالحی - اول کلاهدوزی پلاک۳ طبقه ۱	48	200	4.5	1387	1	f	f	f	A	45	1	2023-07-11 10:46:58.827527+02	2023-07-11 10:46:58.827556+02						۵ به بعد	1	f	t	0	0	0	0	\N	\N	ACTIVE	\N
باطر آبادی	09121963418	اکبر آبادی جنوبی - کوچه حسینی پلاک۵ 	53	320	0	0	1	f	f	f	A	46	1	2023-07-11 10:49:22.111199+02	2023-07-11 10:49:22.111238+02						۵ به بعد	1	f	t	4	0	0	0	\N	\N	ACTIVE	\N
زندیان	09337766910	کیانی - جوادی - پلاک۱ طبقه ۱	55	250	5	1396	1	f	f	f	A	47	1	2023-07-11 10:52:12.29524+02	2023-07-11 10:52:12.295303+02						هماهنگی	1	f	t	4	0	0	0	\N	\N	ACTIVE	\N
 	09124762785	کوچه چابک پلاک۵	45	170	5	1387	0	f	t	f	A	48	1	2023-07-11 10:55:38.852844+02	2023-07-11 10:55:38.852859+02						هماهنگی	1	f	t	3	0	0	0	\N	\N	ACTIVE	\N
اژدری	09125209081	بهشت - کوچه اعرابی - پلاک۵۴ 	53	350	0	0	4	f	t	f	A	49	1	2023-07-11 10:57:23.591921+02	2023-07-11 10:57:23.591947+02						هماهنگی	1	f	t	4	0	0	1	\N	\N	ACTIVE	\N
فرهادی	09125804989	خ صفری ک ادم زاد پ4	45	80	4	0	2	f	t	f	A	11	1	2023-07-02 12:20:10.342252+02	2023-07-20 19:18:52.898692+02						هماهنگی	1	f	f	2	0	0	0	\N	\N	ACTIVE	\N
احسانی	09194607751	بهشت - کوچه ضرابی - پلاک ۶۰ واحد۶ 	70	450	3	1397	3	f	t	t	A	50	1	2023-07-11 11:01:58.072534+02	2023-07-11 11:01:58.072557+02						هماهنگی	2	f	t	5	0	0	2	\N	\N	ACTIVE	\N
حسنی	09304140338	بهشت - انتهای گلستان - مجمتع یاس 	90	900	0	1396	5	f	t	t	A	51	1	2023-07-11 11:05:03.874454+02	2023-07-11 11:05:03.874491+02						هماهنگی	2	f	f	5	0	0	2	\N	\N	ACTIVE	\N
آقا جانی	09126265891	م غیاثی - نظری - گلباران - بن بست حاج کدخدا - پلاک۱۱ واحد۶	40	200	2.5	1387	3	f	t	f	A	52	1	2023-07-17 11:33:05.623839+02	2023-07-17 11:33:05.623858+02						هماهنگی	1	f	t	4	0	0	2	\N	\N	ACTIVE	\N
افنداک	09124119369	کوچه صاحب الزمان - بن بست دوم پ ۴ واحد ۳	53	150	7	1389	3	f	f	t	A	23	1	2023-07-04 16:40:07.210778+02	2023-07-20 17:48:14.073228+02						هماهنگی	2	f	f	4	0	0	1	\N	\N	ACTIVE	\N
احمدی	09127768017	خ عجب گل - کوچه سعیدی - جنب کوچه شیرازی 	130	1200	0	1401	5	f	f	t	A	53	1	2023-07-24 18:38:45.839975+02	2023-07-24 18:38:45.840001+02							3	f	f	5	0	0	1	\N	\N	ACTIVE	\N
بنی فاطمه	09127708259	آموزنده فرد - کوچه بروجردی	105	1000	0	1402	5	f	t	t	A	54	1	2023-07-24 18:40:29.152956+02	2023-07-24 18:40:29.152983+02						هماهنگی	2	f	f	6	0	0	1	\N	\N	ACTIVE	\N
جمشیدی	09123094390	بهشت - کوچه حیدر خدایی - کوچه نیک - بن بست بهار پلاک۲	130	800	6	1401	4	f	t	t	A	55	1	2023-07-24 18:44:06.402256+02	2023-07-24 18:44:06.402271+02						هماهنگی	2	f	f	4	0	0	1	\N	\N	ACTIVE	\N
ضیفمی	09121386133	خاوران - روبه رو فرهنگسرا - خ رجبی - کوچه فراهانی پلاک۷	105	800	0	1402	4	f	f	t	A	56	1	2023-07-24 18:46:07.515271+02	2023-07-24 18:46:07.515306+02						هماهنگی	3	f	f	4	0	0	2	\N	\N	ACTIVE	\N
شایگان فر	09121373297	سادات - کوچه نظری	92	800	0	1402	2	f	t	t	A	57	1	2023-07-24 18:48:00.604654+02	2023-07-24 18:48:00.604676+02						هماهنگی	2	f	f	6	0	0	4	\N	\N	ACTIVE	\N
اسماعیلی	09121319451	عارف شمالی - خ شهمیرزادی - کوچه نقی زاده پلاک۸	80	700	0	1396	1	f	t	t	A	58	1	2023-07-24 18:51:00.895058+02	2023-07-24 18:51:00.895074+02						هماهنگی	2	f	f	5	0	0	1	\N	\N	ACTIVE	\N
؟؟	09927321512	کنار گذر امام علی - خ شریفی جنوبی - خ خسروی	70	680	0	1398	1	f	t	t	A	59	1	2023-07-24 18:54:42.701607+02	2023-07-24 18:54:59.33949+02						هماهنگی	1	f	f	5	0	0	2	\N	\N	ACTIVE	\N
شیخی	09309455402	میثم - اله اکبر	110	700	10	1400	1	f	t	t	A	60	1	2023-07-24 18:57:57.4157+02	2023-07-24 18:57:57.415725+02						هماهنگی	2	f	f	5	0	0	1	\N	\N	ACTIVE	\N
احمدی	09122475520	اکبرآبادی - انتهای سپاهی زاده - کوچه فتحی پلاک ۳	70	250	6	\N	\N	f	f	f	A	82	1	2023-08-10 18:41:10.950792+02	2023-08-10 18:41:10.950885+02						هماهنگی	\N	f	f	\N	0	\N	\N	\N	\N	ACTIVE	\N
شیرازی	09194112926	امیرسلیمانی - عسگری - پلاک ۲۰	72	450	0	1393	4	f	f	t	A	62	1	2023-08-10 17:04:18.041355+02	2023-08-10 17:04:18.041433+02						هماهنگی	2	f	f	4	0	\N	1	\N	\N	ACTIVE	\N
61	51	test	16	5616	5165	651	651	f	f	f	A	61	1	2023-08-10 17:00:57.981561+02	2023-08-10 17:04:28.440858+02						هماهنگی	51	f	f	6	0	\N	51	\N	\N	UNACTIVE	\N
بابایان	09121839207	سادات - کوچه امیرسلیمانی پلاک ۲	125	950	0	1402	5	t	t	t	A	63	1	2023-08-10 17:07:37.808878+02	2023-08-10 17:07:37.808926+02						هماهنگی	3	f	f	5	0	\N	1	\N	\N	ACTIVE	\N
امیدی	09351482718	روبه رو پارک فداییان اسلام - کوچه آقامیری	110	660	0	1401	4	t	t	t	A	64	1	2023-08-10 17:12:51.587016+02	2023-08-10 17:12:51.587069+02						هماهنگی	2	f	f	4	0	\N	2	\N	\N	ACTIVE	\N
ارفعی	09109184507	عجب گل - نبش بختیاری	85	500	6	1400	2	t	f	t	A	65	1	2023-08-10 17:15:37.180353+02	2023-08-10 17:15:37.180452+02						هماهنگی	2	f	f	4	0	\N	1	\N	\N	ACTIVE	\N
مختار	09128391922	سادات - معصومی - پلاک۱۰ زنگ اول	51	100	6	1385	4	f	t	f	A	66	1	2023-08-10 17:17:15.01423+02	2023-08-10 17:17:15.014329+02						هماهنگی	1	f	f	4	0	\N	2	\N	\N	ACTIVE	\N
چراغی	09019506827	م غیاثی - کوچه نظری پلاک۱۴	90	600	6	1396	3	t	t	t	A	67	1	2023-08-10 17:26:44.288355+02	2023-08-10 17:26:44.288404+02						بعدازظهر	2	f	f	4	0	\N	1	\N	\N	ACTIVE	\N
بابایی	09035017095	گلشناس - خ رحمتی پلاک۱	140	1000	0	1394	1	t	f	t	A	68	1	2023-08-10 17:28:54.684786+02	2023-08-10 17:28:54.684826+02						بعدازظهر	2	f	f	7	0	\N	2	\N	\N	ACTIVE	\N
مصیت نژاد	09925508242	اسفندیاری - تکیه پلاک۵	45	300	0	1385	2	f	t	f	A	69	1	2023-08-10 17:39:20.198996+02	2023-08-10 17:39:20.199064+02						هماهنگی	1	f	f	4	0	\N	2	\N	\N	ACTIVE	\N
نجمی	09385547100	مخبر شمالی - کوچه حاج طالبی پلاک۱۳	60	600	0	1397	4	t	t	t	A	70	1	2023-08-10 17:42:26.75592+02	2023-08-10 17:42:26.755988+02						هماهنگی	1	f	f	4	0	\N	1	\N	\N	ACTIVE	\N
خاتمی	090250010	میثم - کوچه رضایی پلاک ۲	110	700	0	1380	2	f	t	f	A	71	1	2023-08-10 17:43:34.615939+02	2023-08-10 17:43:34.616025+02						هماهنگی	2	f	f	2	0	\N	1	\N	\N	ACTIVE	\N
داوودی	09036974147	عارف شمالی - خطیب نیا	40	130	5	1390	1	f	t	t	A	72	1	2023-08-10 17:44:43.086527+02	2023-08-10 17:44:43.086659+02						بعدازظهر	1	f	f	4	0	\N	1	\N	\N	ACTIVE	\N
یاسینی	09122109140	کیانی - کوچه بصیری	90	200	7	1371	2	f	f	f	A	73	1	2023-08-10 17:46:10.840684+02	2023-08-10 17:46:10.840739+02						هماهنگی	1	f	f	3	0	\N	1	\N	\N	ACTIVE	\N
عباسی	09127488306	عارف شمالی - امینی سپهر	50	200	4.5	1389	4	f	f	f	A	74	1	2023-08-10 17:50:34.704666+02	2023-08-10 17:50:34.7047+02						هماهنگی	1	f	f	4	0	\N	1	\N	\N	ACTIVE	\N
جدیدی	09052622100	م غیاثی - مرادی - فراهانی پلاک۸	83	730	0	1398	4	t	t	t	A	75	1	2023-08-10 17:52:01.78185+02	2023-08-10 17:52:01.781927+02						هماهنگی	2	f	f	4	0	\N	1	\N	\N	ACTIVE	\N
فرهنگی	09196689985	کیانی - صاحب الزمان - کاظمی پلاک 6/11	50	100	10	1391	4	t	t	t	A	76	1	2023-08-10 17:54:11.165539+02	2023-08-10 17:54:11.165579+02						هماهنگی	1	f	f	5	0	\N	4	\N	\N	ACTIVE	\N
مختار	09128391922	سادات - معصومی پلاک ۱۰	62	100	6	1375	1	f	f	f	A	77	1	2023-08-10 17:58:55.830678+02	2023-08-10 17:58:55.830759+02						هماهنگی	1	f	f	3	0	\N	1	\N	\N	ACTIVE	\N
عطاریان	09210442175	نبرد جنوبی - آقاجانلو - انصار ۶ - نبش شقایق پلاک۲	52	300	0	1382	4	f	t	f	A	78	1	2023-08-10 18:03:17.786396+02	2023-08-10 18:03:17.786507+02						مستاجر	1	f	f	4	0	\N	3	سلطانی	09382536591	ACTIVE	\N
اله یاری	09126361049	اتوبان محلاتی - انتهای مخبر شمالی - خ جوادی پلاک ۴۳	51	100	6	1385	4	f	t	f	A	79	1	2023-08-10 18:05:06.074481+02	2023-08-10 18:05:06.074532+02						بعدازظهر	1	f	f	4	0	\N	2	\N	\N	ACTIVE	\N
کریمی	09194186003	اسدی - زارع	40	100	4	1392	0	f	f	f	A	80	1	2023-08-10 18:06:08.686987+02	2023-08-10 18:06:08.687047+02						هماهنگی	1	f	f	4	0	\N	1	\N	\N	ACTIVE	\N
متوسلی	0912523153	بهزادی بخش - رسولی پلاک۴	64	500	1	1387	1	f	t	f	A	81	1	2023-08-10 18:07:57.925763+02	2023-08-10 18:07:57.925823+02						هماهنگی	2	f	f	4	0	\N	1	\N	\N	ACTIVE	\N
بابایی	09128916893	م غیاثی - مرادی - چنگرانی - بن بست اول پلاک ۳	48	200	6.5	1390	2	f	f	f	A	83	1	2023-08-10 18:43:10.920233+02	2023-08-10 18:43:10.920281+02						بعدازظهر	1	f	f	4	0	\N	1	\N	\N	ACTIVE	\N
کریمی	09379551006	جنگرویی - صادقی - بهشت پلاک۱۰	95	550	6	\N	4	t	t	t	A	84	1	2023-08-10 18:45:01.169867+02	2023-08-10 18:45:01.169917+02						هماهنگی	2	f	f	5	0	\N	2	\N	\N	ACTIVE	\N
رحمتی	09165454064	میثم - عسگری - پلاک ۱۷ واحد ۳	51	150	7	1381	1	f	t	f	A	85	1	2023-08-10 18:49:08.607038+02	2023-08-10 18:49:08.607084+02						بعدازظهر	1	f	f	4	0	\N	2	\N	\N	ACTIVE	\N
محمدی	09122118818	امیرسلیمانی - سعیدی پلاک ۱۱	63	550	0	1396	2	t	t	t	A	86	1	2023-08-10 18:50:49.04943+02	2023-08-10 18:50:49.049512+02						هماهنگی	1	f	f	4	0	\N	1	\N	\N	ACTIVE	\N
اسماعیلی	09194031356	میثم - روبه رو پارک زیتون - پلاک ۱۶	40	200	5	1390	3	f	t	f	A	87	1	2023-08-10 18:52:45.0978+02	2023-08-10 18:52:45.097874+02						بعدازظهر	1	f	f	3	0	\N	1	\N	\N	ACTIVE	\N
طالبی	09196040720	خ عجب گل - کوچه سعیدی - پلاک۲۶	45	170	3.5	\N	1	f	f	f	A	88	1	2023-08-12 12:05:14.019122+02	2023-08-12 12:05:14.019212+02						مستاجر	1	f	t	3	0	\N	2	شرافتی	09371041617	ACTIVE	\N
گنجی	09192444771	سه راه شکوفه - شکوری - رضاصادقی	58	500	8	\N	\N	f	f	f	H	89	1	2023-08-12 12:07:09.7093+02	2023-08-12 12:07:09.709348+02						بعدازظهر	6	f	f	4	0	\N	\N	\N	\N	ACTIVE	\N
گنجی	09192444771	سه راه شکوفه - خ شکوری	58	500	8	\N	\N	f	f	f	H	90	1	2023-08-12 12:08:33.223646+02	2023-08-12 12:08:52.230843+02						هماهنگی	6	f	f	4	0	\N	\N	\N	\N	UNACTIVE	\N
حسن پور	09109863188	عارف شمالی - بن بست قا‌عم پلاک۱۸	50	200	5	85	1	f	t	f	A	91	1	2023-08-12 12:11:53.265351+02	2023-08-12 12:11:53.265443+02						مستاجر	1	f	f	4	0	\N	2	حسن پور	0910672475	ACTIVE	\N
آقایی	09372182796	شهمیرزادی - پورمند پلاک۲۲	48	380	0	1396	1	t	f	f	A	93	1	2023-08-12 12:16:01.647302+02	2023-08-12 12:16:01.647353+02						هماهنگی	1	f	f	4	0	\N	1	\N	\N	ACTIVE	\N
احمدی	09128049448	پل آهنگ - اخوان صدیق - پلاک۳۰	51	200	4.5	84	3	f	t	f	A	94	1	2023-08-12 12:25:16.671192+02	2023-08-12 12:25:16.671235+02						مستاجر	1	f	f	5	0	\N	2	هادی	09191000894	ACTIVE	\N
مرادیان	09199005854	ارجمندی - کوچه عباسی پلاک۶۰ واحد ۱	52	170	7	1391	1	t	t	f	A	95	1	2023-08-12 12:29:58.889326+02	2023-08-12 12:29:58.889369+02						بعدازظهر	1	f	f	4	0	\N	1	\N	\N	ACTIVE	\N
اسماعیلی	09126897455	غیاثی - صفری - کوچه ساحل پلاک۴	116	800	0	1392	1	t	t	f	A	96	1	2023-08-12 12:31:53.029219+02	2023-08-12 12:31:53.029249+02						هماهنگی	2	f	f	4	0	\N	1	\N	\N	ACTIVE	\N
جمشیدی	091222159958	بنی طبا - شیرازی - مقدمی پلاک۴	60	80	8.5	\N	4	t	t	t	A	97	1	2023-08-12 13:52:01.142176+02	2023-08-12 13:52:01.142234+02						بعدازظهر	\N	f	f	4	0	\N	\N	\N	\N	ACTIVE	\N
نظری	09122859894	عجب گل - پلاک۱۲۴	55	70	6.5	1382	3	f	t	f	A	98	1	2023-08-12 13:54:25.388034+02	2023-08-12 13:54:25.388108+02						هماهنگی	1	f	f	4	0	\N	1	\N	\N	ACTIVE	\N
امینی	09125992786	خ هدایتی - مجتمع یاس	60	70	7	1382	-1	f	t	f	A	99	1	2023-08-12 13:55:40.739933+02	2023-08-12 13:55:40.739964+02						هماهنگی	1	f	t	\N	0	\N	2	\N	\N	ACTIVE	\N
آسمانی	09390433620	عجب گل - کثیری مطلق - پلاک۶	40	50	7	1392	2	f	f	f	A	100	1	2023-08-12 13:56:56.004932+02	2023-08-12 13:56:56.00499+02						هماهنگی	1	f	f	3	0	\N	1	\N	\N	ACTIVE	\N
؟؟؟	09123251096	خ شیرازی - شعبانی -	75	50	15	1393	4	t	f	t	A	101	1	2023-08-12 13:58:23.199723+02	2023-08-12 13:58:23.199781+02						بعدازظهر	1	f	f	6	0	\N	\N	\N	\N	ACTIVE	\N
؟؟؟	09333790651	09333790651	33	100	5	\N	1	f	f	f	A	102	1	2023-08-12 13:59:33.175396+02	2023-08-12 13:59:33.17545+02						هماهنگی	1	f	f	\N	0	\N	\N	\N	\N	ACTIVE	\N
رضایی	09128503665	خطیب جنوبی - غلامزاده پلاک۱۹	60	100	7	1387	2	f	t	f	A	103	1	2023-08-12 14:01:44.702967+02	2023-08-12 14:01:44.703015+02						مستاجر	2	f	t	4	0	\N	\N	حسینی	09194478538	ACTIVE	\N
؟؟؟	09123891556	اسفندیاری - گل شناس - حسینی پلاک۶	40	100	6	1387	3	f	t	t	A	104	1	2023-08-12 14:07:28.841908+02	2023-08-12 14:07:28.841953+02						بعدازظهر	1	f	f	4	0	\N	\N	\N	\N	ACTIVE	\N
براتی	09399975166	خ میرهاشمی - خ حسینی - کوچه کاوش - ساختمان کاوش واحد۱۰	55	120	6.5	\N	3	t	t	f	A	105	1	2023-08-12 14:10:06.603106+02	2023-08-12 14:10:06.603254+02						هماهنگی	1	f	t	\N	0	\N	\N	\N	\N	ACTIVE	\N
زوهری	09129562108	مخبر جنوبی - معمار تهرانی پلاک۱	70	120	7	1387	4	f	t	f	A	106	1	2023-08-12 14:11:44.81202+02	2023-08-12 14:11:44.812098+02						هماهنگی	1	f	t	4	0	\N	\N	\N	\N	ACTIVE	\N
صالحی	09227134109	گلشناس - پوردکان شمالی پلاک۳۹	70	120	11	\N	2	t	f	t	A	107	1	2023-08-12 14:13:19.494335+02	2023-08-12 14:13:19.494383+02						هماهنگی	2	f	f	4	0	\N	2	\N	\N	ACTIVE	\N
خالقی	09127786823	گیلکی جنوبی - فرید وند پلاک۱	67	100	8	1387	2	f	t	t	A	108	1	2023-08-12 14:46:08.784452+02	2023-08-12 14:46:08.784522+02						مستاجر	2	f	f	4	0	\N	1	کرم زاده	091126994775	ACTIVE	\N
بایرامی	09906300339	پاسدار گمنام - خ صاحب الزمان - کوچه براتی	35	140	2	\N	-1	f	t	f	A	109	1	2023-08-12 15:56:56.227086+02	2023-08-12 15:56:56.227133+02						هماهنگی	0	f	f	\N	0	\N	\N	\N	\N	ACTIVE	\N
بهمن	09906074061	مینا شمالی - کوچه نوروزیان پلاک۱۲	78	150	9	1382	\N	f	f	f	A	110	1	2023-08-12 15:58:50.374781+02	2023-08-12 15:58:50.374828+02						هماهنگی	2	f	f	\N	0	\N	\N	\N	\N	ACTIVE	\N
شهریاری	09904775778	روبه رو - ترمینال خاوران - خ میرزاده - مولالو پلاک ۴ طبقه ۲	40	180	2	1383	2	f	f	f	A	111	1	2023-08-12 16:01:00.443009+02	2023-08-12 16:01:00.443125+02						هماهنگی	1	f	f	3	0	\N	1	\N	\N	ACTIVE	\N
رجبی	09036112820	مخبر جنوبی - کوچه خانی - پلاک۳۱	62	200	6	\N	4	f	t	t	A	112	1	2023-08-12 16:02:40.460303+02	2023-08-12 16:02:40.460399+02						هماهنگی	1	f	f	4	0	\N	1	\N	\N	ACTIVE	\N
پایدار	09123468230	خ میرزاده - کوچه اشتیاقی - پلاک۲۷	44	200	3	1387	1	f	t	t	A	113	1	2023-08-12 16:05:52.011762+02	2023-08-12 16:05:52.011825+02						هماهنگی	1	f	f	4	0	\N	1	\N	\N	ACTIVE	\N
خورشیدی	09360505021	کیامنش - ناصر ملکی پلاک۴	50	200	5	1387	1	f	f	f	A	114	1	2023-08-12 16:07:25.696808+02	2023-08-12 16:07:25.696887+02						بعدازظهر	1	f	f	4	0	\N	\N	\N	\N	ACTIVE	\N
افنداک	09124119369	جهانپناه - کوچه صاحب الزمان - بن بست سوم	50	150	7	\N	2	f	f	t	A	115	1	2023-08-12 17:48:10.096222+02	2023-08-12 17:48:10.096264+02						هماهنگی	2	f	f	\N	0	\N	\N	\N	\N	ACTIVE	\N
عرب سرخی	09195383357	خ سعیدی - خ احمد حسینی - کوچه سیفی زاده پلاک۱۱	95	150	7	\N	-1	f	t	f	A	116	1	2023-08-12 17:51:20.740493+02	2023-08-12 17:51:20.740566+02						هماهنگی	2	f	f	4	0	\N	1	\N	\N	ACTIVE	\N
حمزه نژاد	09212353252	خ اسفندیاری	133	900	0	1402	2	t	t	t	A	117	1	2023-08-12 17:53:09.311915+02	2023-08-12 17:53:09.311951+02						هماهنگی	3	f	f	5	0	\N	1	\N	\N	ACTIVE	\N
قاسمی	09220288250	م غیاثی - نظری - کوچه گلباران - حاج کدخدا - پلاک۷	72	400	3	1395	1	t	t	f	A	118	1	2023-08-12 17:55:43.16144+02	2023-08-12 17:55:43.161504+02						هماهنگی	2	f	t	4	0	\N	2	\N	\N	ACTIVE	\N
شیرازی	09194112926	امیر سلیمانی - کوچه عسگری پلاک۲	72	450	0	1393	4	t	t	f	A	119	1	2023-08-12 17:56:52.073342+02	2023-08-12 17:56:52.073386+02						بعدازظهر	2	f	f	4	0	\N	1	\N	\N	ACTIVE	\N
فراهانی	09011476853	خ کیانی - مجمتمع قاعم پلاک۹	72	250	7	1389	4	t	t	f	A	120	1	2023-08-12 20:04:27.891773+02	2023-08-12 20:04:27.891809+02						هماهنگی	1	f	f	5	0	\N	3	\N	\N	ACTIVE	\N
صادقی	09127255865	عارف جنوبی - روحانی پلاک ۳۶	60	300	4	1390	3	f	t	f	A	121	1	2023-08-12 20:11:47.077968+02	2023-08-12 20:11:47.078018+02						مستاجر	1	f	t	4	0	\N	1	صادقی	09107446477	ACTIVE	\N
عبدی نژاد	09011469087	عارف شمالی - کنارگذر اتوبان - روبه رو ورزشگاه - کوچه آزادی پلاک ۸	50	200	7.5	1402	2	t	t	f	A	122	1	2023-08-13 16:36:47.05828+02	2023-08-13 16:36:47.058318+02						هماهنگی	1	f	t	4	0	\N	1	\N	\N	ACTIVE	\N
تهرانی	09013749616	خیابان عجب گل - کوچه برادران صادقی - کوچه گلگون - پلاک۱۱	40	200	4	1383	3	f	f	f	A	123	1	2023-08-13 16:39:30.162205+02	2023-08-13 16:39:30.162271+02						مستاجر	1	f	t	4	0	\N	2	دوستی	09120084135	ACTIVE	\N
یعقوبی	09121983313	هشت متری مرادی - کوچه لنگرانی - فراهانی پلاک۳۰	50	200	3	1392	2	t	t	t	A	124	1	2023-08-13 16:41:12.605697+02	2023-08-13 16:41:12.605768+02						بعدازظهر	1	f	f	4	0	\N	1	\N	\N	ACTIVE	\N
؟؟؟	09124710166	عارف جنوبی - خ سعیدی - رب دوست	60	200	6.5	1390	3	f	t	f	A	125	1	2023-08-13 19:51:56.279353+02	2023-08-13 19:51:56.279393+02						هماهنگی	2	f	f	4	0	\N	1	\N	\N	ACTIVE	\N
بخشی	09124581887	انتهای نصر ۳ پلاک ۳۷	86	60	6.5	\N	\N	t	t	t	A	126	1	2023-08-13 19:54:13.100667+02	2023-08-13 19:54:13.100702+02						بعدازظهر	\N	f	f	\N	0	\N	\N	\N	\N	ACTIVE	\N
صدیقیان	09121185824	شهمیرزادی - حاج علی پلاک۱۱	125	1000	0	1399	4	t	f	t	A	127	1	2023-08-13 19:56:49.333507+02	2023-08-13 19:56:49.333602+02						هماهنگی	3	f	f	4	0	\N	\N	\N	\N	ACTIVE	\N
کامیار	09123368384	خ دربندی - کوچه حیدری پلاک۴۵	50	335	0	1397	4	t	f	f	A	128	1	2023-08-13 19:58:28.216587+02	2023-08-13 19:58:28.216636+02						هماهنگی	1	f	f	4	0	\N	\N	\N	\N	ACTIVE	\N
راستگو	09126178106	نصر۳ پلاک۳۰	60	500	0	1386	4	t	t	t	A	129	1	2023-08-13 20:00:36.80277+02	2023-08-13 20:00:36.802849+02						هماهنگی	2	f	f	4	0	\N	\N	\N	\N	ACTIVE	\N
رحمتی	09123188851	بهشت - خدایی - نجفی پلاک۳ واحد ۱۴	55	450	0	1401	4	t	f	f	A	130	1	2023-08-15 20:08:56.196071+02	2023-08-15 20:08:56.196146+02						مستاجر	1	f	f	5	0	\N	3	حاج قاسم	09124116797	ACTIVE	\N
تقی زاده	09192994729	سادات - جعفری - بن بست نخست پلاک ۴	103	650	0	1388	1	t	t	t	A	131	1	2023-08-15 20:12:25.612874+02	2023-08-15 20:12:25.61293+02						مستاجر	2	f	f	5	0	\N	2	خانم تقی زاده	09339455788	ACTIVE	\N
قادری	09129328407	خاوران - نباتی - عباس کاشی	80	150	10	\N	\N	f	f	f	H	132	1	2023-08-15 20:13:46.581807+02	2023-08-15 20:13:46.581892+02						هماهنگی	\N	f	f	1	0	\N	\N	\N	\N	ACTIVE	\N
احمدوند	09127762343	آموزنده فرد - حاجی پور	80	700	0	1400	4	t	f	f	A	133	1	2023-08-16 16:16:42.141024+02	2023-08-16 16:16:42.1411+02						هماهنگی	2	f	f	5	0	\N	1	\N	\N	ACTIVE	\N
حاجی حسینی	09126855567	شهمیرزادی - نبش پورمند - پلاک۲۷ واحد۳	80	220	17	1389	2	t	t	t	A	134	1	2023-08-16 16:19:29.930055+02	2023-08-16 16:19:29.93011+02						هماهنگی	2	f	f	5	0	\N	2	\N	\N	ACTIVE	\N
خالقی	09127786823	گیلکی جنوبی - کوچه فریدوند پلاک۱ واحد ۲	67	100	8	1387	3	f	t	t	A	135	1	2023-08-16 16:22:56.076145+02	2023-08-16 16:22:56.076204+02						مستاجر	2	f	f	4	0	\N	1	کرم زاده	09112699477	ACTIVE	\N
مجلسی	09359621512	عارف شمالی - بهارستان پلاک ۲۶ واحد۲	45	110	8	\N	2	t	t	f	A	136	1	2023-08-16 16:26:54.188207+02	2023-08-16 16:26:54.188309+02						هماهنگی	1	f	t	\N	0	\N	\N	\N	\N	ACTIVE	\N
زرین	09373410199	مخبر شمالی - سعید غربی پلاک ۸۰	60	120	10	1395	2	f	t	t	A	137	1	2023-08-16 16:29:08.782917+02	2023-08-16 16:29:08.782973+02						هماهنگی	1	f	f	4	0	\N	1	\N	\N	ACTIVE	\N
جعفری	09128116755	آموزنده فرد - کوچه نیکخواه پلاک۳۱ طبقه ۲	85	200	9	\N	2	f	f	f	A	138	1	2023-08-16 16:35:16.082343+02	2023-08-16 16:35:16.082404+02						هماهنگی	1	f	t	4	0	\N	1	\N	\N	ACTIVE	\N
ذاکری	09128394980	مخبر شمالی - فشارکی - بن بست وزیری پلاک۲	40	250	0	1400	2	f	f	f	A	139	1	2023-08-16 16:37:41.267526+02	2023-08-16 16:37:41.2676+02						هماهنگی	1	f	f	3	0	\N	1	\N	\N	ACTIVE	\N
ناصری	09300507041	هاشم آباد - کوچه هاشمی - بن بست آهنی پلاک ۵	41	250	1.5	1387	2	f	t	t	A	140	1	2023-08-16 16:40:08.359921+02	2023-08-16 16:40:08.359974+02						هماهنگی	1	f	f	4	0	\N	\N	\N	\N	ACTIVE	\N
عبدالهی	09198346681	خ امیرسلیمانی - کوچه ابوالقاضی - پلاک۵	58	250	5.5	1397	1	t	t	f	A	141	1	2023-08-16 16:42:25.689888+02	2023-08-16 16:42:25.689927+02						هماهنگی	1	f	t	4	0	\N	1	\N	\N	ACTIVE	\N
؟؟؟	09128081328	م شکوفه - عامری - نصرالهی پلاک۴	60	250	2.3	1387	\N	f	t	f	A	142	1	2023-08-16 16:45:37.454103+02	2023-08-16 16:45:37.454154+02						هماهنگی	1	f	f	\N	0	\N	\N	\N	\N	ACTIVE	\N
نهاوند	09027468383	امیر سلیمانی - سعیدی - ارباب تقی پلاک ۵	45	250	2	1380	2	f	t	f	A	143	1	2023-08-16 16:49:01.887096+02	2023-08-16 16:49:01.887147+02						هماهنگی	1	f	f	4	0	\N	2	\N	\N	ACTIVE	\N
علی نژاد	09128394267	خ سعیدی - بن بست سجادیان پلاک۶	33	250	0	1386	2	f	t	f	A	144	1	2023-08-16 16:51:03.590752+02	2023-08-16 16:51:03.590818+02						هماهنگی	1	f	f	4	0	\N	2	\N	\N	ACTIVE	\N
خسروانی	09380337363	چهارراه میثم - خ کیانی - کوچه اسلامی پلاک۲	45	250	0	1390	3	f	t	f	A	145	1	2023-08-16 16:53:02.424315+02	2023-08-16 16:53:02.424386+02						هماهنگی	1	f	f	3	0	\N	1	\N	\N	ACTIVE	\N
سجادی	09125193562	سرآسیاب - شهید قنبری - کوچه سلیمانی پلاک۶	48	250	4	1390	1	f	f	t	A	146	1	2023-08-16 16:56:05.827466+02	2023-08-16 16:56:05.827532+02						هماهنگی	1	f	f	4	0	\N	1	\N	\N	ACTIVE	\N
عبداله زاده	09125958972	میثم - میرهاشمی - کوچه محسنی پلاک۵	57	350	0	83	2	f	t	t	A	147	1	2023-08-16 19:59:57.162411+02	2023-08-16 19:59:57.162447+02						هماهنگی	1	f	f	\N	0	\N	\N	\N	\N	ACTIVE	\N
وثوقی	09308699610	نبرد جنوبی - آقاجانلو - انصار ۸ پلاک۲۷	61	100	9	1381	0	f	t	f	A	148	1	2023-08-16 20:03:50.140472+02	2023-08-16 20:03:50.140528+02						مستاجر	1	f	f	4	0	\N	\N	بادین لو	09127059362	ACTIVE	\N
احمدی	09127344020	میثم - عسگری پلاک۶ واحد ۴	60	200	4	1377	3	f	t	f	A	149	1	2023-08-19 11:09:56.243263+02	2023-08-19 11:09:56.243344+02						بعدازظهر	2	f	f	4	0	\N	2	\N	\N	ACTIVE	\N
حسن پور	09122214785	امیر سلیمانی - کوچه سعیدی - علی مردان پلاک۱۴	30	60	4.5	\N	0	f	t	f	A	92	1	2023-08-12 12:14:25.008397+02	2023-08-19 17:46:36.372665+02						هماهنگی	0	f	t	\N	0	\N	\N	\N	\N	UNACTIVE	\N
علی آبادی	09123544872	میثم - حسینی - کاوش - نظری پلاک ۱۷	70	50	7	1380	0	f	f	f	A	150	1	2023-08-20 11:45:34.862933+02	2023-08-20 11:45:34.863024+02						هماهنگی	1	f	f	3	0	\N	1	\N	\N	ACTIVE	\N
رضایی	09125382957	اسفندیاری پلاک۲۶	110	400	12	1398	2	t	t	t	A	151	1	2023-08-20 11:47:41.630694+02	2023-08-20 11:47:41.630773+02						هماهنگی	2	f	f	4	0	\N	1	\N	\N	ACTIVE	\N
صادقی	09195631003	خاوران ایستگاه باسکول کوچه مرادی	72	200	5.5	1392	3	t	t	f	A	152	1	2023-08-22 17:49:23.753146+02	2023-08-22 17:49:23.753225+02						هماهنگی	2	f	f	4	0	\N	2	\N	\N	ACTIVE	\N
حسینی	09196207810	خ آل آقا - خ رحمتی - کوچه صاحب الزمان - پلاک ۱۱ واحد۲	70	450	0	1382	2	f	t	f	A	44	1	2023-07-11 10:43:33.318661+02	2023-08-22 18:46:17.663816+02						هماهنگی	2	f	t	4	0	0	1	\N	\N	UNACTIVE	\N
؟؟؟	09126116290	سعیدی - روبه رو کوچه منزوی - پلاک۲۷۲	50	100	7	\N	0	f	f	f	A	153	1	2023-08-24 16:11:01.780343+02	2023-08-24 16:11:01.780393+02						هماهنگی	1	f	f	\N	\N	\N	\N	\N	\N	ACTIVE	\N
مقدسی	09019692296	امیرسلیمانی - کوچه عسگری - بن بست یاس - پلاک۵ واحد۵	50	250	3	\N	3	t	f	f	A	154	1	2023-08-24 16:13:23.922685+02	2023-08-24 16:13:23.922745+02						بعدازظهر	1	f	t	5	\N	\N	2	\N	\N	ACTIVE	\N
فدایی	09121799962	میثم - حسینی - کاوش - ساختمان کاوش واحد۱۰	52	150	5.5	1385	3	t	t	f	A	155	1	2023-08-24 16:14:59.420242+02	2023-08-24 16:14:59.420307+02						هماهنگی	1	f	t	\N	\N	\N	4	\N	\N	ACTIVE	\N
قربانی	09100098862	عنبرزاده پلاک ۴۲۸	43	250	0	1383	2	f	t	f	A	156	1	2023-08-24 16:16:50.52794+02	2023-08-24 16:16:50.527975+02						بعدازظهر	1	f	f	\N	200	\N	\N	\N	\N	ACTIVE	\N
صالحی	09227134109	کیانی - پوردکان پلاک۳۹ واحد۶	70	180	9	1385	3	f	f	t	A	157	1	2023-08-24 16:18:30.450783+02	2023-08-24 16:18:30.450834+02						هماهنگی	2	f	f	8	100	\N	2	\N	\N	ACTIVE	\N
رحیمی	09036407764	انتهای اسدی - کوچه زارع	40	300	1	1392	1	f	f	f	A	158	1	2023-08-24 16:19:53.796859+02	2023-08-24 16:19:53.796888+02						بعدازظهر	1	f	f	3	150	\N	1	\N	\N	ACTIVE	\N
صالحی	09122781789	مخبر جنوبی - کوچه اعرابی - پلاک۵۲	48	400	0	1396	1	t	f	f	A	159	1	2023-08-24 16:21:59.302649+02	2023-08-24 16:21:59.302732+02						مستاجر	1	f	t	\N	\N	\N	\N	کاکاوند	09197905049	ACTIVE	\N
عبادی	09206225239	میثم - برج عرش	86	450	8.5	1399	8	t	t	t	A	160	1	2023-08-24 16:23:21.59573+02	2023-08-24 16:23:21.595767+02						هماهنگی	2	f	f	9	400	\N	4	\N	\N	ACTIVE	\N
علی آبادی	09124341979	میثم - اله اکبر پلاک۳۳ واحد۲	90	800	0	1385	1	t	t	t	A	161	1	2023-08-24 16:25:00.812777+02	2023-08-24 16:25:00.812801+02						هماهنگی	2	f	f	5	\N	\N	1	\N	\N	ACTIVE	\N
؟؟؟	09192393192	مخبرجنوبی - ضرابی - کوچه بایگان	35	250	0	\N	3	f	f	f	A	162	1	2023-08-24 16:26:42.212469+02	2023-08-24 16:26:42.212514+02						هماهنگی	1	f	t	3	\N	\N	1	\N	\N	ACTIVE	\N
چهل ستونی	09384961809	امیرسلیمانی - بن بست تاجیک - پلاک۱۴	41	300	1	1399	3	f	f	f	A	163	1	2023-08-24 16:28:55.342001+02	2023-08-24 16:28:55.34206+02						هماهنگی	1	f	t	4	\N	\N	1	\N	\N	ACTIVE	\N
لشکری	09368426164	شهمیرزادی - منفرد - حسینی	40	350	0	1390	3	f	t	f	A	165	1	2023-08-24 16:32:59.421215+02	2023-08-24 16:32:59.421271+02						هماهنگی	1	f	f	\N	\N	\N	1	\N	\N	ACTIVE	\N
رزمی	09391793902	خاوران - بعداز آموزش و پرورش - مجتمع صدف	52	300	2	1381	2	t	t	f	A	164	1	2023-08-24 16:31:06.565313+02	2023-08-24 16:33:20.499394+02						مستاجر	1	f	f	4	\N	\N	3	رزمی	09199628556	ACTIVE	\N
عسگری	09121771109	خ سعیدی - حسینی - سری زاده پلاک21	140	1100	0	\N	3	f	t	t	A	166	1	2023-08-24 16:36:06.010645+02	2023-08-24 16:36:06.010691+02						هماهنگی	3	f	f	\N	\N	\N	\N	\N	\N	ACTIVE	\N
قلی زاده	09029482951	مینا - کوچه موافق	64	250	7.5	1389	4	f	t	f	A	167	1	2023-08-24 16:39:39.091302+02	2023-08-24 16:39:39.091339+02						هماهنگی	2	f	f	4	\N	\N	\N	\N	\N	ACTIVE	\N
مومنی	09195373348	جهانپناه - نورایی - پلاک۳	75	350	3.5	\N	3	f	f	f	A	168	1	2023-08-24 16:41:06.970864+02	2023-08-24 16:41:06.9709+02						مستاجر	2	f	f	4	\N	\N	2	مومنی	09921643357	ACTIVE	\N
\.


--
-- Data for Name: file_rentcomment; Type: TABLE DATA; Schema: public; Owner: amlak
--

COPY public.file_rentcomment (id, body, created, updated, active, file_id, user_id) FROM stdin;
\.


--
-- Data for Name: file_rentimages; Type: TABLE DATA; Schema: public; Owner: amlak
--

COPY public.file_rentimages (id, image) FROM stdin;
\.


--
-- Data for Name: file_rentimages_post; Type: TABLE DATA; Schema: public; Owner: amlak
--

COPY public.file_rentimages_post (id, rentimages_id, rent_id) FROM stdin;
\.


--
-- Data for Name: file_sell; Type: TABLE DATA; Schema: public; Owner: amlak
--

COPY public.file_sell (owner_name, owner_phone, address, m2, price, year, floor, elevator, storage, parking, property_type, id, added_by_id, created, updated, image1, image2, image3, image4, image5, bazdid, bedroom, komod_divari, parking_motor, tabaghat, takhlie, vahedha, tenet_name, tenet_phone, status, divar_token) FROM stdin;
 	09905280406	عارف شمالی - روبه روی پارک ابیانه	70	3250	1382	3	f	f	f	A	1	1	2023-07-01 18:32:12.519563+02	2023-07-01 18:32:12.519588+02						هماهنگی	2	f	f	3	0	2	\N	\N	ACTIVE	\N
اکبری	09120944042	چنگروی - کوچه حیدر خدایی - پلاک ۶	59	2900	1385	4	f	t	f	A	2	1	2023-07-02 10:20:40.888113+02	2023-07-02 10:20:40.888145+02						هماهنگی	2	f	t	5	0	20	\N	\N	ACTIVE	\N
عمانی	09128299254	غیاثی - هشت متری مرادی - کوجه ناطقی پلاک 14 طبقه 4	69	2900	1382	3	f	t	t	A	3	1	2023-07-02 10:34:45.606713+02	2023-07-02 10:34:45.606746+02						هماهنگی 	2	f	f	4	0	8	\N	\N	ACTIVE	\N
فتاحی	09123067212	آهنگ - خیابان میثم - خیابان اله اکبر پلاک 34	50	2600	1378	3	f	t	t	A	5	1	2023-07-02 10:47:24.777591+02	2023-07-02 10:47:24.777606+02						املاک کلید داره	1	f	f	4	0	12	\N	\N	ACTIVE	\N
منصوری	09031828819	عجب گل - سعیدی - بن بست محسنی - پلاک 4 طبقه ۲	49	2600	1390	2	f	t	f	A	6	1	2023-07-02 10:57:20.945339+02	2023-07-02 10:57:20.945363+02						09399552836 عرب شاهی مستاجر	1	f	t	3	0	6	\N	\N	ACTIVE	\N
پرستار	09363007503	کوچه روحانی پلاک 36 واحد۴	57	2700	1390	4	f	f	f	A	8	1	2023-07-02 11:00:05.668378+02	2023-07-02 11:00:05.668403+02						بعد از ۵	1	f	t	4	0	4	\N	\N	ACTIVE	\N
عبادی	09126012563	میدان خراسان - خ دربندی - کوچه سمندری پلاک 27	48	2600	1391	1	f	t	f	A	11	1	2023-07-02 16:38:45.950508+02	2023-07-02 16:38:45.950536+02						هماهنگی	1	f	f	4	0	4	\N	\N	ACTIVE	\N
نظری	09364878573	خ سادات - کوچه نظری - کوچه پاییز پلاک ۲	60	2500	1370	1	f	f	f	H	12	1	2023-07-02 16:54:13.996714+02	2023-07-02 16:54:13.996746+02						هماهنگی	1	f	f	0	0	0	\N	\N	ACTIVE	\N
طهماسبی	09120255495	کوچه مجیدی - پلاک ۸	50	3100	1392	4	f	t	t	A	13	1	2023-07-02 16:56:30.489948+02	2023-07-02 16:56:30.489976+02						هماهنگی	1	f	f	4	0	4	\N	\N	ACTIVE	\N
کماسی	09128036214	خیابان صفری - کوچه رضاعلی - پ22	52	2900	1393	4	f	t	f	A	14	1	2023-07-02 17:01:47.483073+02	2023-07-02 17:01:47.483095+02						هماهنگی	1	f	f	4	0	1	\N	\N	ACTIVE	\N
نصیری	09124778377	چنگروی - علی رسول - پلاک ۱۰ واحد۳	42	2650	1393	2	f	f	f	A	15	1	2023-07-02 17:03:36.45804+02	2023-07-02 17:03:36.458066+02						هماهنگی	1	f	f	4	0	2	\N	\N	ACTIVE	\N
ابراهیمی	09124982204	خاوران - بنی طبا - پ۱۳۴	55	2500	1397	2	f	t	t	A	16	1	2023-07-02 17:16:24.320834+02	2023-07-02 17:16:24.320859+02						۸ به بعد	1	f	f	5	0	10	\N	\N	ACTIVE	\N
خمارلو	09121878162	آل آقا - خ برادران هدایتی - کوچه چهارم - پلاک ۵ واحد ۱۶	59	3500	0	0	f	f	f	A	19	1	2023-07-02 18:58:31.634888+02	2023-07-02 18:58:31.634914+02						هماهنگی	1	f	f	0	0	0	\N	\N	ACTIVE	\N
وارسته	0919280394	۱۷ شهریور ۰ کوچه آذریاد - پلاک۳۷	74	4000	1384	4	f	t	f	A	20	1	2023-07-04 11:40:42.538362+02	2023-07-04 11:40:42.538397+02						هماهنگی	2	f	t	4	0	8	\N	\N	ACTIVE	\N
سهرابی	09194476149	خ سعیدی - کوچه منزوی - بن بست دوم پلاک ۲۰ 	60	3900	1398	2	f	f	t	A	21	1	2023-07-04 11:47:33.261454+02	2023-07-04 11:47:33.261523+02						هماهنگی	1	f	f	5	0	10	\N	\N	ACTIVE	\N
صالحی	09101939836	مخبر شمالی - کوچه خطیبی نیا - پلاک ۵۵ واحد ۴	64	3700	1388	4	f	f	f	A	22	1	2023-07-04 11:57:29.396217+02	2023-07-04 11:57:29.396254+02						هماهنگی	2	f	t	4	0	1	\N	\N	ACTIVE	\N
مخلصی 	02136303152	خیابان بهشت کوچه اعرابی پلاک ۸ 	84	6000	50	0	f	f	f	H	23	1	2023-07-04 19:41:01.858919+02	2023-07-04 19:41:01.858934+02						غیر قابل سکونت 	0	f	f	2	0	1	\N	\N	ACTIVE	\N
حاج ابوالقاسم	09352560981	اسفندیاری - کوچه گل شناس پلاک۲۰	83	4000	1372	0	f	t	f	A	24	1	2023-07-05 18:58:37.09961+02	2023-07-05 18:58:37.099629+02						هماهنگی	2	f	t	3	0	1	\N	\N	ACTIVE	\N
عابدی	09195393117	بهزادی بخش - کوچه آرامش پلاک۴ واحد ۱	65	3600	1385	1	f	f	f	A	25	1	2023-07-05 19:44:03.457625+02	2023-07-05 19:44:03.457658+02						هماهنگی	1	f	f	4	0	1	\N	\N	ACTIVE	\N
محمدی	09122118818	امیر سلیمانی - کوچه سعیدی پ۱۱	63	3550	1396	2	f	t	t	A	26	1	2023-07-05 19:48:13.663327+02	2023-07-05 19:48:13.663362+02						هماهنگی	1	f	f	4	0	2	\N	\N	ACTIVE	\N
برهامی	09193132677	محلاتی - خ ارجمندی - کوچه ولیعصر پ۲	67	3550	1380	4	f	f	t	A	28	1	2023-07-09 17:09:32.409809+02	2023-07-09 17:09:32.409833+02						هماهنگی	2	f	t	5	0	1	\N	\N	ACTIVE	\N
خوب بخت	09381543089	محلاتی - صفری - کوچه فشارکیان - بن بست نجاری - پ ۲۳	100	6200	1398	3	f	t	t	A	31	1	2023-07-09 17:12:34.19033+02	2023-07-09 17:12:34.190357+02						هماهنگی	2	f	t	4	0	1	\N	\N	ACTIVE	\N
شهروی	09355591749	خیابان تاجیک - کوچه غلامرضایی	60	4200	1402	3	f	t	t	A	32	1	2023-07-09 17:14:30.11428+02	2023-07-09 17:14:30.114306+02						هماهنگی	2	f	t	4	0	1	\N	\N	ACTIVE	\N
رضایی	09120123473	عجب گل - جنب املاک عبدالهی	87	6800	1401	3	f	f	t	A	33	1	2023-07-09 17:15:58.225181+02	2023-07-09 17:15:58.2252+02						هماهنگی	2	f	t	5	0	1	\N	\N	ACTIVE	\N
هدایتی	09357981630	خ هدایتی  خ حسینی (استخر پورزند) خ کیانی ک علمی پ۳	57	3500	30	0	f	f	f	H	35	1	2023-07-09 17:20:15.849606+02	2023-07-09 17:20:15.849623+02						هماهنگی	0	f	f	2	0	1	\N	\N	ACTIVE	\N
حبیبی	09122363813	خاوران - شیرازی - نبش کوچه حناچی پ۴	102	6200	1402	3	f	t	t	A	36	1	2023-07-09 17:22:54.601806+02	2023-07-09 17:22:54.601831+02						هماهنگی	2	f	f	0	0	0	\N	\N	ACTIVE	\N
شکوری	09123148908	خیابان هدایتی - کوچه سید جلال پلاک۹	48	2600	1384	3	f	t	f	A	37	1	2023-07-09 17:29:19.3161+02	2023-07-09 17:29:19.316143+02						هماهنگی	1	f	t	4	0	2	\N	\N	ACTIVE	\N
قوامی	09308001640	۱۷ شهریور - خ مضاهری - کوچه آزاد	100	4200	1402	3	f	t	t	A	40	1	2023-07-09 17:41:04.159239+02	2023-07-09 17:41:04.159284+02						صبح تا ظهر	2	f	t	3	0	5	\N	\N	ACTIVE	\N
قائمی	09127274052	خ رحمتی - کوچه بختیاری پلاک ۱ واحد ۹	103	5500	1395	5	f	f	t	A	41	1	2023-07-09 17:43:17.734903+02	2023-07-09 17:43:17.73492+02						هماهنگی	2	f	f	5	0	2	\N	\N	ACTIVE	\N
خانی	09358536407	عجب گل - صمدی -کوچه بختیاری پلاک 8 واحد	53	2750	1388	1	f	f	f	A	4	1	2023-07-02 10:41:51.888263+02	2023-07-11 18:08:31.800029+02						۶ تا ۸	1	f	t	3	0	2	\N	\N	ACTIVE	\N
قادری	09126162714	شهمیرزادی - کوجه آزاده - پلاک ۴۳ واحد ۵	116	7400	0	5	f	f	f	A	38	1	2023-07-09 17:34:32.675363+02	2023-07-11 18:09:08.228689+02						عصر	2	f	t	7	0	1	\N	\N	ACTIVE	\N
صابری	09352140681	عارف شمالی - کوچه شیخ شعبانی - پلاک ۳۴ واحد۲	40	2650	1395	2	f	t	t	A	39	1	2023-07-09 17:37:22.239531+02	2023-07-11 18:27:18.317291+02						09121958769	1	f	t	4	0	1	\N	\N	ACTIVE	\N
مسافر	09370667414	میدان غیاثی - کوچه نظری - کوچه حافظ قران پلاک	53	2950	1392	1	f	f	f	A	17	1	2023-07-02 18:51:36.661139+02	2023-07-11 18:37:01.95872+02						هماهنگی	1	f	t	4	0	2	\N	\N	ACTIVE	\N
نظری	09384415384	کوچه بهزادی - بخش - کورچه پورحسنی پلاک ۱۳	62	4300	1395	2	f	t	t	A	18	1	2023-07-02 18:56:07.054134+02	2023-07-09 18:07:24.094723+02						هماهنگی	2	f	f	4	0	1	\N	\N	ACTIVE	\N
زمانی	09128450583	مخبر جنوبی - کوچه علی خانی پ۱۷	70	3150	1385	3	f	f	t	A	42	1	2023-07-10 09:51:52.247567+02	2023-07-10 09:52:54.776878+02						مستاجر  02133706484	2	f	t	4	0	1	\N	\N	ACTIVE	\N
صالحی	09121141192	عارف - کوچه باغفرید - پ۷۱ طبقه۶	148	9000	1397	6	f	t	t	A	44	1	2023-07-10 16:23:39.606627+02	2023-07-10 16:23:39.606668+02						تا ساعت ۸	3	f	f	6	0	1	\N	\N	ACTIVE	\N
توحیدی	09122725140	بهشت - بن بست مجیدی - پلاک ۱۲۶ ط ۱	60	4000	1401	1	f	t	t	A	45	1	2023-07-10 16:35:46.070852+02	2023-07-10 16:35:46.070874+02						هماهنگی	2	f	f	4	0	1	\N	\N	ACTIVE	\N
زمانی	09128450583	مخبر جنوبی - کوچه علیخانی - پلاک۱۷ واحد۴	70	3150	1396	4	f	t	t	A	46	1	2023-07-10 16:37:59.118805+02	2023-07-10 16:37:59.118832+02						هماهنگی	2	f	f	4	0	1	\N	\N	ACTIVE	\N
اکبری	09381297279	خ کیامنش 	61	3500	1386	1	f	t	f	A	47	1	2023-07-10 16:42:32.388022+02	2023-07-10 16:42:32.388039+02						هماهنگی	1	f	f	4	0	1	\N	\N	ACTIVE	\N
صفایی	09122335798	بهشت - کوچه کاظمی - کوچه گلستان پلاک۲	89	4500	1395	4	f	f	t	A	48	1	2023-07-10 16:44:26.929366+02	2023-07-10 16:44:26.929383+02						هماهنگی	2	f	f	5	0	2	\N	\N	ACTIVE	\N
قربان خانی	09127027032	خ مشهد - کوچه اقدامی پلاک۲۸ واحد۳ 	62	3200	1384	2	f	t	f	A	49	1	2023-07-10 16:46:51.745812+02	2023-07-10 16:46:51.74584+02						هماهنگی	1	f	t	4	0	2	\N	\N	ACTIVE	\N
نورالهی	09122948321	نفیس شمالی - کوچه جهاندار - کوچه پاسارگاد - پلاک۴ واحد ۱۰	116	6000	1398	3	f	t	t	A	50	1	2023-07-10 16:48:44.837252+02	2023-07-10 16:48:44.837296+02						هماهنگی	4	f	f	5	0	4	\N	\N	ACTIVE	\N
کاظمی	09374730216	طیب - کوچه سلیمانیان	65	3000	1395	4	f	t	f	A	51	1	2023-07-10 16:51:27.229543+02	2023-07-10 16:51:27.229558+02						هماهنگی	2	f	f	5	0	2	\N	\N	ACTIVE	\N
صفرلو	09194717085	مینا شمالی - خ سرهنگ آبادی - کوچه هویار - پلاک۵۳	44	3000	1386	1	f	t	t	A	52	1	2023-07-10 17:14:53.892926+02	2023-07-10 17:14:53.892958+02						هماهنگی	1	f	f	3	0	1	\N	\N	ACTIVE	\N
نظری	09384415384	بهزادی بخش - کوچه پور حسنی - پ۱۳	62	4150	1394	2	f	t	t	A	43	1	2023-07-10 09:56:42.177444+02	2023-07-11 17:48:45.214115+02						هماهنگی	2	f	f	4	0	1	\N	\N	ACTIVE	\N
علی دولابی	09127990308	عجب گل - نبش کوچه بختیاری - پلاک۲۸	65	4350	1401	1	f	f	t	A	54	1	2023-07-16 16:57:03.489941+02	2023-07-16 16:57:03.48998+02						هماهنگی	2	f	f	4	0	2	\N	\N	ACTIVE	\N
دشتی	09126861612	سادات - کوچه عسگری - پلاک۴ طبقه ۱	65	4100	1402	1	f	f	t	A	55	1	2023-07-16 16:59:43.64119+02	2023-07-16 16:59:43.641211+02						هماهنگی	2	f	f	4	0	1	\N	\N	ACTIVE	\N
کاظمیان	09352490844	خ قنطار - ک خالقی پناه - پلاک ۳ واحد ۴	63	4000	1391	4	f	t	f	A	56	1	2023-07-16 17:01:49.645066+02	2023-07-16 17:01:49.64508+02						هماهنگی	2	f	f	4	0	1	\N	\N	ACTIVE	\N
قاسمی	09125214648	عارف شمالی - کوچه حاج طالبی پلاک ۱۱ طبقه ۳ 	60	3900	0	3	f	t	t	A	57	1	2023-07-16 17:04:33.040344+02	2023-07-16 17:04:33.04036+02						هماهنگی	2	f	f	4	0	1	\N	\N	ACTIVE	\N
میرزایی	09193213625	سادات - کوچه عسگری بن بست دوم - پلاک۱	60	3800	1402	2	f	t	f	A	58	1	2023-07-16 17:06:43.480563+02	2023-07-16 17:06:43.480579+02						هماهنگی	1	f	t	4	0	1	\N	\N	ACTIVE	\N
سلطانی	09125545715	خ سمنان - کوچه نیرویی پلاک۲	44	2200	1385	2	f	t	f	A	59	1	2023-07-17 11:35:25.253153+02	2023-07-17 11:35:25.253214+02						هماهنگی	1	f	t	3	0	1	\N	\N	ACTIVE	\N
ملکی	09334794361	بنی طبا - کوچه موسوی پلاک۲۱	46	1800	1383	1	f	t	f	A	60	1	2023-07-17 17:13:45.098639+02	2023-07-17 17:13:45.098655+02						هماهنگی	1	f	t	2	0	1	\N	\N	ACTIVE	\N
پاییزیان	09026029099	بنی طبا - کوچه خلیلی - پلاک۶ واحد ۳	52	1900	1387	3	f	t	f	A	61	1	2023-07-17 17:15:24.6031+02	2023-07-17 17:15:24.603118+02						هماهنگی	1	f	f	3	0	2	\N	\N	ACTIVE	\N
پاکی	09354748351	امیر سلیمانی - خ سعیدی - بن بست وکیل پور - پلاک۸ واحد ۴	44	2000	1395	2	f	t	t	A	62	1	2023-07-17 17:17:53.248829+02	2023-07-17 17:17:53.248845+02						هماهنگی	1	f	f	4	0	2	\N	\N	ACTIVE	\N
چراغی	09129248102	خ طیب - کوچه محزون - پلاک۶	49	2000	1388	2	f	t	f	A	63	1	2023-07-17 17:19:24.424914+02	2023-07-17 17:19:24.424929+02						هماهنگی	1	f	f	4	0	1	\N	\N	ACTIVE	\N
خداکرمی	09194470712	خ صفری - پلاک ۵ طبقه ۴	42	2100	1382	4	f	f	f	A	64	1	2023-07-17 17:20:36.701867+02	2023-07-17 17:20:36.701882+02						هماهنگی	1	f	t	4	0	1	\N	\N	ACTIVE	\N
جلالی	09128986928	طیب - خمارلو - پلاک۱ واحد ۳	40	2000	1390	1	f	t	t	A	65	1	2023-07-17 17:21:52.011814+02	2023-07-17 17:21:52.011834+02						هماهنگی	1	f	f	3	0	1	\N	\N	ACTIVE	\N
براتی	09361616129	عجب گل - کوچه عادلی - نبش تمجید	80	2000	1382	-1	f	t	f	A	66	1	2023-07-17 17:24:03.960158+02	2023-07-17 17:24:03.96018+02						هماهنگی	2	f	t	4	0	1	\N	\N	ACTIVE	\N
اسلامی 	09198057202	م غیاثی - نظری - بن بست دوم پلاک۵	57	2300	1380	1	f	t	f	A	67	1	2023-07-17 17:25:45.11722+02	2023-07-17 17:25:45.117234+02						هماهنگی	1	f	f	0	0	0	\N	\N	ACTIVE	\N
پلویی	09124082634	عجب گل - کوچه بختیاری 	45	2200	1377	3	f	t	f	A	68	1	2023-07-17 17:29:49.029918+02	2023-07-17 17:29:49.029934+02						هماهنگی	1	f	f	4	0	2	\N	\N	ACTIVE	\N
مرادی	09129051138	عجب گل - پلاک ۴۴	43	2350	1382	1	f	t	f	A	69	1	2023-07-17 17:31:34.934949+02	2023-07-17 17:31:34.934965+02						هماهنگی	1	f	t	4	0	2	\N	\N	ACTIVE	\N
دهقانلو	09386527230	خ عجب گل - خ سعیدی - کوچه محسنی پلاک۷ واحد۸	44	2200	1386	4	f	t	f	A	70	1	2023-07-17 17:33:39.766355+02	2023-07-17 17:33:39.766369+02						11 به بعد	1	f	f	4	0	2	\N	\N	ACTIVE	\N
اسماعیل زاده 	09373955494	خ بنی طبا - کوچه تاری پلاک ۲۰ 	45	2200	1388	3	f	t	f	A	71	1	2023-07-17 17:35:15.32772+02	2023-07-17 17:35:15.327738+02						هماهنگی	1	f	f	3	0	2	\N	\N	ACTIVE	\N
میرزایی	09102053513	بنی طبا - کوچه مسعودی پلاک۲ 	50	2350	1395	2	f	t	f	A	72	1	2023-07-17 17:37:32.799747+02	2023-07-17 17:37:32.799769+02						هماهنگی	1	f	f	4	0	5	\N	\N	ACTIVE	\N
مرادی	09129051138	خ عجب گل - عارف - روبه روی مسجد 	43	2350	1382	1	f	t	f	A	73	1	2023-07-17 17:39:16.529639+02	2023-07-17 17:39:16.529653+02						هماهنگی	1	f	f	4	0	1	\N	\N	ACTIVE	\N
اسماعیلی	09120439951	خ بهشت - علی رسول - پ۱۴ طبقه ۱	46	2350	1375	1	f	f	f	A	74	1	2023-07-17 17:41:34.812163+02	2023-07-17 17:41:34.812178+02						هماهنگی	1	f	f	3	0	2	\N	\N	ACTIVE	\N
فراهانی	09377904483	م غیاثی - خ مرادی - کوچه رسمتی نبش مطهری پلاک ۹ واحد۸	56	2450	1381	4	f	t	t	A	75	1	2023-07-17 17:48:07.40828+02	2023-07-17 17:48:07.408296+02						بعد از ظهر	1	f	f	4	0	2	\N	\N	ACTIVE	\N
صالحی	09102459598	خ رحمتی - کوچه حسن - یعقوبی پلاک۲	60	3000	1380	0	f	t	f	A	77	1	2023-07-17 18:47:55.317897+02	2023-07-17 18:47:55.317921+02						هماهنگی	1	f	f	4	0	1	\N	\N	ACTIVE	\N
اکبری	09102147726	خ عجب گل - خ مشهد - کوچه نخست پلاک۱ واحد۳	65	3100	1372	3	f	f	f	A	78	1	2023-07-17 18:49:35.716651+02	2023-07-17 18:49:35.716669+02						هماهنگی	0	f	t	4	0	1	\N	\N	ACTIVE	\N
جلالی	09334215606	اسفندیاری - بن بست طباطبایی - پلاک۳ واحد۴	51	2400	1395	1	f	f	f	A	79	1	2023-07-17 19:52:07.813597+02	2023-07-17 19:52:07.813612+02						هماهنگی	1	f	t	4	0	2	\N	\N	ACTIVE	\N
بنیادی	09190332519	غیاثی - کوچه سپاهی زاده - کوچه سقفی - کوچه مقصودی - پلاک۲	42	1900	0	4	f	t	f	A	76	1	2023-07-17 18:45:15.90569+02	2023-07-19 19:08:01.338179+02						هماهنگی	1	f	f	4	0	1	\N	\N	ACTIVE	\N
اسدی	09126177043	بهشت - خ حیدرخدایی - بن بست نیک - پلاک۲	112	6720	1402	3	f	f	t	A	80	1	2023-07-20 18:04:11.549643+02	2023-07-20 18:04:11.549663+02						هماهنگی	3	f	f	5	0	2	\N	\N	ACTIVE	\N
کریمی	09904951029	خ احمدی - نبش ناطقی - پلاک۱ واحد ۳	47	2300	1392	2	f	f	t	A	81	1	2023-07-20 18:08:41.619758+02	2023-07-20 18:08:41.61979+02						۷ به بعد	1	f	f	4	0	2	\N	\N	ACTIVE	\N
دولابی	09372799277	خ عجب گل - نبش مختاری - پلاک۲۸ طبقه۱ واحد۲	65	4300	1401	1	f	f	t	A	82	1	2023-07-20 18:11:59.273182+02	2023-07-20 18:11:59.273197+02						هماهنگی	2	f	f	5	0	2	\N	\N	ACTIVE	\N
غلامنژاد	09197788172	سادات - کوچه جعفری - بن بست نخست - پلاک۴ واحد ۸	80	4100	1386	4	f	t	t	A	83	1	2023-07-20 18:15:37.058306+02	2023-07-20 18:15:37.058333+02						هماهنگی	2	f	f	5	0	2	\N	\N	ACTIVE	\N
احمدی	09201364045	عارف جنوبی کوچه امیرپ6	57	3200	1390	4	f	t	t	A	84	1	2023-07-20 18:17:12.12779+02	2023-07-20 18:17:12.127815+02						هماهنگی	2	f	t	4	0	1	\N	\N	ACTIVE	\N
چنگرانی	09122177866	خیابان نباتی - کوچه عباس کاچی - پلاک۱۷۳ واحد ۳	63	3300	1394	2	f	f	f	A	85	1	2023-07-20 19:55:06.572793+02	2023-07-20 19:55:17.083735+02						هماهنگی	1	f	f	2	0	2	\N	\N	ACTIVE	\N
دولابی	09372799277	خ عجب گل - نبش بختیاری - پلاک۲۸ واحد۲	65	4300	1401	1	f	f	t	A	86	1	2023-07-20 19:57:10.291502+02	2023-07-20 19:57:10.291518+02						هماهنگی	2	f	f	5	0	2	\N	\N	ACTIVE	\N
زمانی	09128450583	مخبر جنوبی - کوچه علی خانی - پلاک۱۷	70	3100	1386	4	f	f	t	A	87	1	2023-07-20 20:00:33.234772+02	2023-07-20 20:00:33.234787+02						هماهنگی	2	f	f	4	0	1	\N	\N	ACTIVE	\N
سلیمی	09197660672	خیابان عجب گل - کوچه برادران صادقی - کوچه گلگون - پلاک۶ 	58	2400	1382	-1	f	t	f	A	88	1	2023-07-20 20:04:31.202597+02	2023-07-20 20:04:31.20263+02						هماهنگی	1	f	f	4	0	1	\N	\N	ACTIVE	\N
زمانی	09128450583	مخبر جنوبی - خ علیخانی پلاک۱۷	70	3150	1385	3	f	f	t	A	89	1	2023-07-22 18:02:51.97226+02	2023-07-22 18:02:51.972289+02						هماهنگی	2	f	f	4	0	1	\N	\N	ACTIVE	\N
بهرامی	093732221792	خ خراسان - خ دربندی - بن بست حیدری زاد - پلاک۴۳ واحد ۶	43	2150	1393	3	f	t	f	A	90	1	2023-07-22 18:05:16.66691+02	2023-07-22 18:05:16.666943+02						۶ به بعد	1	f	t	4	0	2	\N	\N	ACTIVE	\N
میرزایی	09127762864	ارجمندی - کوچه رب دوست پلاک۲۴ واحد۴	64	3000	1388	4	f	f	f	A	92	1	2023-07-22 18:09:18.348843+02	2023-07-22 18:09:18.348857+02						۴ به بعد	2	f	t	4	0	1	\N	\N	ACTIVE	\N
فراهانی	09377904483	م غیاثی - خ مرادی - کوچه رستمی - نبش کوچه مدرس - مطهری پلاک۹ 	56	2420	1381	4	f	t	t	A	93	1	2023-07-22 18:12:21.110238+02	2023-07-22 18:12:21.110254+02						هماهنگی	1	f	f	4	0	2	\N	\N	ACTIVE	\N
مومنی	09191213027	اکبر آبادی - کوچه سقفی - کوچه مقصودی پلاک ۷ طبقه اول	39	2450	1400	1	f	t	f	A	94	1	2023-07-22 18:15:04.367577+02	2023-07-22 18:15:04.367604+02						۶ به بعد	1	f	f	4	0	1	\N	\N	ACTIVE	\N
شیرازی	09194142926	امیرسلیمانی - کوچه عسگری - پلاک۲۰ واحد ۴	72	450	1393	4	f	f	t	A	98	1	2023-08-10 17:02:53.643326+02	2023-08-10 17:03:10.637402+02						هماهنگی	2	f	f	4	\N	1	\N	\N	UNACTIVE	\N
651	1	fa;lsdfj	6561651	1951	51	616	f	f	f	A	97	1	2023-08-10 16:57:20.599642+02	2023-08-14 11:46:40.273985+02						هماهنگی	6	f	f	516	\N	51	\N	\N	UNACTIVE	\N
سعادتی	۰۹۱۲۷۷۱۸۹۴۷	میدان غیاثی کوچه اردستانی پ۱۰	40	2200	1389	3	f	t	f	A	99	1	2023-08-16 16:04:11.004053+02	2023-08-16 16:04:11.004121+02						هماهنگی	1	f	t	4	\N	1	\N	\N	ACTIVE	\N
صفری	۰۹۳۹۴۱۴۸۸۹۲	خیابان اسدی بن بست اول پ ۷	68	3300	1395	4	t	t	t	A	100	1	2023-08-16 16:07:41.66779+02	2023-08-16 16:07:41.667889+02						هماهنگی	1	f	t	4	\N	3	\N	\N	ACTIVE	\N
نصیری	۰۹۱۲۴۷۷۵۳۷۷	خیابان جنگروی کوچه علی رسول پ۱۰ واحد ۳	42	2560	1392	2	t	f	f	A	101	1	2023-08-16 16:09:56.919145+02	2023-08-16 16:09:56.919211+02						هماهنگی	1	f	t	4	\N	2	\N	\N	ACTIVE	\N
لنگری	۰۹۱۹۹۳۲۲۶۸۱	خیابان مخبر جنوبی کوچه چابوک پ ۲۴	54	2650	1385	4	f	f	f	A	102	1	2023-08-16 16:13:10.880695+02	2023-08-16 16:13:10.880773+02						هماهنگی	1	f	f	5	\N	1	\N	\N	ACTIVE	\N
اروند رود	۰۹۱۲۶۰۷۶۲۶۶	کوچه احمدی پ ۵	40	2100	1384	3	f	t	f	A	103	1	2023-08-16 16:16:53.712348+02	2023-08-16 16:16:53.712409+02						هماهنگی	1	f	f	4	\N	1	\N	\N	ACTIVE	\N
یوسف ابادی	۰۹۹۱۶۷۹۶۵۴۵	کوچه نیکو کلام پ۲۲	50	2470	1389	4	f	t	f	A	104	1	2023-08-16 16:21:02.749793+02	2023-08-16 16:21:02.749866+02						هماهنگی	1	f	f	4	\N	1	\N	\N	ACTIVE	\N
شیرازی	۰۹۱۹۴۹۴۸۱۶۲	خیابان سادات کوچه نظری پ ۴۸ واحد ۱	64	3700	1389	1	f	t	t	A	105	1	2023-08-16 16:23:26.045355+02	2023-08-16 16:23:26.045405+02						هماهنگی	2	f	t	4	\N	1	\N	\N	ACTIVE	\N
مختاری	۰۹۳۳۵۱۸۴۹۹۰	مخبر جنوبی کوچه ضرابی	78	5000	1395	5	t	t	t	A	106	1	2023-08-16 16:27:35.991245+02	2023-08-16 16:27:35.991319+02						هماهنگی	2	f	t	6	\N	2	\N	\N	ACTIVE	\N
کاظمی	۰۹۳۵۲۴۹۰۸۴۴	خ عجب گل ک خالقی پناه پ ۳ واحد ۴	63	3800	1390	4	t	t	f	A	107	1	2023-08-16 16:32:41.486138+02	2023-08-16 16:32:41.486208+02						هماهنگی	2	f	f	4	\N	1	\N	\N	ACTIVE	\N
زمانی	۰۹۱۲۸۴۵۰۵۸۳	مخبر جنوبی کوچه علیخانی پ ۱۷	70	2800	1388	4	f	f	t	A	108	1	2023-08-16 16:35:05.216435+02	2023-08-16 16:35:05.216472+02						هماهنگی	2	f	t	4	\N	1	\N	\N	ACTIVE	\N
الله وردی	۰۹۱۲۵۳۸۰۴۲۷	خ ارزم نظامی نبش بیابانی پ ۵۱	73	3800	1396	5	t	t	t	A	109	1	2023-08-16 16:39:13.87045+02	2023-08-16 16:39:13.870526+02						هماهنگی	2	f	t	5	\N	1	\N	\N	ACTIVE	\N
رحمتی	۰۹۱۲۶۴۸۴۸۰۸	خ خاوران خ شیرازی  ک مجتبی سلیمانی پ ۵۲	70	3850	1390	3	t	t	f	A	111	1	2023-08-16 17:21:27.153611+02	2023-08-16 17:21:27.153654+02						هماهنگی	2	f	f	4	\N	1	\N	\N	ACTIVE	\N
بیگی	۰۹۱۲۸۴۴۰۵۶۴	میدان غیاثی پ ۱۳ واحد ۶	65	2550	1380	3	f	t	f	A	112	1	2023-08-16 17:25:16.755512+02	2023-08-16 17:25:16.755553+02						هماهنگی	1	f	f	3	\N	2	\N	\N	ACTIVE	\N
حسین پور	۰۹۱۲۳۶۶۴۴۵۴	خ سعیدی ک صالحی  پ۲۲	55	2250	1388	3	f	t	f	A	110	1	2023-08-16 16:43:19.349104+02	2023-08-20 15:33:14.850972+02						هماهنگی	1	f	f	0	\N	1	\N	\N	UNACTIVE	\N
\.


--
-- Data for Name: file_sellcomment; Type: TABLE DATA; Schema: public; Owner: amlak
--

COPY public.file_sellcomment (id, body, created, updated, active, file_id, user_id) FROM stdin;
\.


--
-- Data for Name: file_sellimages; Type: TABLE DATA; Schema: public; Owner: amlak
--

COPY public.file_sellimages (id, image) FROM stdin;
\.


--
-- Data for Name: file_sellimages_post; Type: TABLE DATA; Schema: public; Owner: amlak
--

COPY public.file_sellimages_post (id, sellimages_id, sell_id) FROM stdin;
\.


--
-- Data for Name: taggit_tag; Type: TABLE DATA; Schema: public; Owner: amlak
--

COPY public.taggit_tag (id, name, slug) FROM stdin;
\.


--
-- Data for Name: taggit_taggeditem; Type: TABLE DATA; Schema: public; Owner: amlak
--

COPY public.taggit_taggeditem (id, object_id, content_type_id, tag_id) FROM stdin;
\.


--
-- Name: auth_group_id_seq; Type: SEQUENCE SET; Schema: public; Owner: amlak
--

SELECT pg_catalog.setval('public.auth_group_id_seq', 1, false);


--
-- Name: auth_group_permissions_id_seq; Type: SEQUENCE SET; Schema: public; Owner: amlak
--

SELECT pg_catalog.setval('public.auth_group_permissions_id_seq', 1, false);


--
-- Name: auth_permission_id_seq; Type: SEQUENCE SET; Schema: public; Owner: amlak
--

SELECT pg_catalog.setval('public.auth_permission_id_seq', 80, true);


--
-- Name: auth_user_groups_id_seq; Type: SEQUENCE SET; Schema: public; Owner: amlak
--

SELECT pg_catalog.setval('public.auth_user_groups_id_seq', 1, false);


--
-- Name: auth_user_id_seq; Type: SEQUENCE SET; Schema: public; Owner: amlak
--

SELECT pg_catalog.setval('public.auth_user_id_seq', 1, true);


--
-- Name: auth_user_user_permissions_id_seq; Type: SEQUENCE SET; Schema: public; Owner: amlak
--

SELECT pg_catalog.setval('public.auth_user_user_permissions_id_seq', 1, false);


--
-- Name: customer_buycomment_id_seq; Type: SEQUENCE SET; Schema: public; Owner: amlak
--

SELECT pg_catalog.setval('public.customer_buycomment_id_seq', 1, false);


--
-- Name: customer_buycustomer_id_seq; Type: SEQUENCE SET; Schema: public; Owner: amlak
--

SELECT pg_catalog.setval('public.customer_buycustomer_id_seq', 25, true);


--
-- Name: customer_rentcomment_id_seq; Type: SEQUENCE SET; Schema: public; Owner: amlak
--

SELECT pg_catalog.setval('public.customer_rentcomment_id_seq', 1, false);


--
-- Name: customer_rentcustomer_id_seq; Type: SEQUENCE SET; Schema: public; Owner: amlak
--

SELECT pg_catalog.setval('public.customer_rentcustomer_id_seq', 5, true);


--
-- Name: django_admin_log_id_seq; Type: SEQUENCE SET; Schema: public; Owner: amlak
--

SELECT pg_catalog.setval('public.django_admin_log_id_seq', 2, true);


--
-- Name: django_content_type_id_seq; Type: SEQUENCE SET; Schema: public; Owner: amlak
--

SELECT pg_catalog.setval('public.django_content_type_id_seq', 20, true);


--
-- Name: django_migrations_id_seq; Type: SEQUENCE SET; Schema: public; Owner: amlak
--

SELECT pg_catalog.setval('public.django_migrations_id_seq', 97, true);


--
-- Name: django_site_id_seq; Type: SEQUENCE SET; Schema: public; Owner: amlak
--

SELECT pg_catalog.setval('public.django_site_id_seq', 1, true);


--
-- Name: file_rent_id_seq; Type: SEQUENCE SET; Schema: public; Owner: amlak
--

SELECT pg_catalog.setval('public.file_rent_id_seq', 168, true);


--
-- Name: file_rentcomment_id_seq; Type: SEQUENCE SET; Schema: public; Owner: amlak
--

SELECT pg_catalog.setval('public.file_rentcomment_id_seq', 1, false);


--
-- Name: file_rentimages_id_seq; Type: SEQUENCE SET; Schema: public; Owner: amlak
--

SELECT pg_catalog.setval('public.file_rentimages_id_seq', 1, false);


--
-- Name: file_rentimages_post_id_seq; Type: SEQUENCE SET; Schema: public; Owner: amlak
--

SELECT pg_catalog.setval('public.file_rentimages_post_id_seq', 1, false);


--
-- Name: file_sell_id_seq; Type: SEQUENCE SET; Schema: public; Owner: amlak
--

SELECT pg_catalog.setval('public.file_sell_id_seq', 112, true);


--
-- Name: file_sellcomment_id_seq; Type: SEQUENCE SET; Schema: public; Owner: amlak
--

SELECT pg_catalog.setval('public.file_sellcomment_id_seq', 1, false);


--
-- Name: file_sellimages_id_seq; Type: SEQUENCE SET; Schema: public; Owner: amlak
--

SELECT pg_catalog.setval('public.file_sellimages_id_seq', 1, false);


--
-- Name: file_sellimages_post_id_seq; Type: SEQUENCE SET; Schema: public; Owner: amlak
--

SELECT pg_catalog.setval('public.file_sellimages_post_id_seq', 1, false);


--
-- Name: taggit_tag_id_seq; Type: SEQUENCE SET; Schema: public; Owner: amlak
--

SELECT pg_catalog.setval('public.taggit_tag_id_seq', 1, false);


--
-- Name: taggit_taggeditem_id_seq; Type: SEQUENCE SET; Schema: public; Owner: amlak
--

SELECT pg_catalog.setval('public.taggit_taggeditem_id_seq', 1, false);


--
-- Name: agents_m_profile agents_m_profile_user_id_b27bb55a_pk; Type: CONSTRAINT; Schema: public; Owner: amlak
--

ALTER TABLE ONLY public.agents_m_profile
    ADD CONSTRAINT agents_m_profile_user_id_b27bb55a_pk PRIMARY KEY (user_id);


--
-- Name: auth_group auth_group_name_key; Type: CONSTRAINT; Schema: public; Owner: amlak
--

ALTER TABLE ONLY public.auth_group
    ADD CONSTRAINT auth_group_name_key UNIQUE (name);


--
-- Name: auth_group_permissions auth_group_permissions_group_id_permission_id_0cd325b0_uniq; Type: CONSTRAINT; Schema: public; Owner: amlak
--

ALTER TABLE ONLY public.auth_group_permissions
    ADD CONSTRAINT auth_group_permissions_group_id_permission_id_0cd325b0_uniq UNIQUE (group_id, permission_id);


--
-- Name: auth_group_permissions auth_group_permissions_pkey; Type: CONSTRAINT; Schema: public; Owner: amlak
--

ALTER TABLE ONLY public.auth_group_permissions
    ADD CONSTRAINT auth_group_permissions_pkey PRIMARY KEY (id);


--
-- Name: auth_group auth_group_pkey; Type: CONSTRAINT; Schema: public; Owner: amlak
--

ALTER TABLE ONLY public.auth_group
    ADD CONSTRAINT auth_group_pkey PRIMARY KEY (id);


--
-- Name: auth_permission auth_permission_content_type_id_codename_01ab375a_uniq; Type: CONSTRAINT; Schema: public; Owner: amlak
--

ALTER TABLE ONLY public.auth_permission
    ADD CONSTRAINT auth_permission_content_type_id_codename_01ab375a_uniq UNIQUE (content_type_id, codename);


--
-- Name: auth_permission auth_permission_pkey; Type: CONSTRAINT; Schema: public; Owner: amlak
--

ALTER TABLE ONLY public.auth_permission
    ADD CONSTRAINT auth_permission_pkey PRIMARY KEY (id);


--
-- Name: auth_user_groups auth_user_groups_pkey; Type: CONSTRAINT; Schema: public; Owner: amlak
--

ALTER TABLE ONLY public.auth_user_groups
    ADD CONSTRAINT auth_user_groups_pkey PRIMARY KEY (id);


--
-- Name: auth_user_groups auth_user_groups_user_id_group_id_94350c0c_uniq; Type: CONSTRAINT; Schema: public; Owner: amlak
--

ALTER TABLE ONLY public.auth_user_groups
    ADD CONSTRAINT auth_user_groups_user_id_group_id_94350c0c_uniq UNIQUE (user_id, group_id);


--
-- Name: auth_user auth_user_pkey; Type: CONSTRAINT; Schema: public; Owner: amlak
--

ALTER TABLE ONLY public.auth_user
    ADD CONSTRAINT auth_user_pkey PRIMARY KEY (id);


--
-- Name: auth_user_user_permissions auth_user_user_permissions_pkey; Type: CONSTRAINT; Schema: public; Owner: amlak
--

ALTER TABLE ONLY public.auth_user_user_permissions
    ADD CONSTRAINT auth_user_user_permissions_pkey PRIMARY KEY (id);


--
-- Name: auth_user_user_permissions auth_user_user_permissions_user_id_permission_id_14a6b632_uniq; Type: CONSTRAINT; Schema: public; Owner: amlak
--

ALTER TABLE ONLY public.auth_user_user_permissions
    ADD CONSTRAINT auth_user_user_permissions_user_id_permission_id_14a6b632_uniq UNIQUE (user_id, permission_id);


--
-- Name: auth_user auth_user_username_key; Type: CONSTRAINT; Schema: public; Owner: amlak
--

ALTER TABLE ONLY public.auth_user
    ADD CONSTRAINT auth_user_username_key UNIQUE (username);


--
-- Name: customer_buycomment customer_buycomment_pkey; Type: CONSTRAINT; Schema: public; Owner: amlak
--

ALTER TABLE ONLY public.customer_buycomment
    ADD CONSTRAINT customer_buycomment_pkey PRIMARY KEY (id);


--
-- Name: customer_buycustomer customer_buycustomer_pkey; Type: CONSTRAINT; Schema: public; Owner: amlak
--

ALTER TABLE ONLY public.customer_buycustomer
    ADD CONSTRAINT customer_buycustomer_pkey PRIMARY KEY (id);


--
-- Name: customer_rentcomment customer_rentcomment_pkey; Type: CONSTRAINT; Schema: public; Owner: amlak
--

ALTER TABLE ONLY public.customer_rentcomment
    ADD CONSTRAINT customer_rentcomment_pkey PRIMARY KEY (id);


--
-- Name: customer_rentcustomer customer_rentcustomer_pkey; Type: CONSTRAINT; Schema: public; Owner: amlak
--

ALTER TABLE ONLY public.customer_rentcustomer
    ADD CONSTRAINT customer_rentcustomer_pkey PRIMARY KEY (id);


--
-- Name: django_admin_log django_admin_log_pkey; Type: CONSTRAINT; Schema: public; Owner: amlak
--

ALTER TABLE ONLY public.django_admin_log
    ADD CONSTRAINT django_admin_log_pkey PRIMARY KEY (id);


--
-- Name: django_content_type django_content_type_app_label_model_76bd3d3b_uniq; Type: CONSTRAINT; Schema: public; Owner: amlak
--

ALTER TABLE ONLY public.django_content_type
    ADD CONSTRAINT django_content_type_app_label_model_76bd3d3b_uniq UNIQUE (app_label, model);


--
-- Name: django_content_type django_content_type_pkey; Type: CONSTRAINT; Schema: public; Owner: amlak
--

ALTER TABLE ONLY public.django_content_type
    ADD CONSTRAINT django_content_type_pkey PRIMARY KEY (id);


--
-- Name: django_migrations django_migrations_pkey; Type: CONSTRAINT; Schema: public; Owner: amlak
--

ALTER TABLE ONLY public.django_migrations
    ADD CONSTRAINT django_migrations_pkey PRIMARY KEY (id);


--
-- Name: django_session django_session_pkey; Type: CONSTRAINT; Schema: public; Owner: amlak
--

ALTER TABLE ONLY public.django_session
    ADD CONSTRAINT django_session_pkey PRIMARY KEY (session_key);


--
-- Name: django_site django_site_domain_a2e37b91_uniq; Type: CONSTRAINT; Schema: public; Owner: amlak
--

ALTER TABLE ONLY public.django_site
    ADD CONSTRAINT django_site_domain_a2e37b91_uniq UNIQUE (domain);


--
-- Name: django_site django_site_pkey; Type: CONSTRAINT; Schema: public; Owner: amlak
--

ALTER TABLE ONLY public.django_site
    ADD CONSTRAINT django_site_pkey PRIMARY KEY (id);


--
-- Name: file_rent file_rent_pkey; Type: CONSTRAINT; Schema: public; Owner: amlak
--

ALTER TABLE ONLY public.file_rent
    ADD CONSTRAINT file_rent_pkey PRIMARY KEY (id);


--
-- Name: file_rentcomment file_rentcomment_pkey; Type: CONSTRAINT; Schema: public; Owner: amlak
--

ALTER TABLE ONLY public.file_rentcomment
    ADD CONSTRAINT file_rentcomment_pkey PRIMARY KEY (id);


--
-- Name: file_rentimages file_rentimages_pkey; Type: CONSTRAINT; Schema: public; Owner: amlak
--

ALTER TABLE ONLY public.file_rentimages
    ADD CONSTRAINT file_rentimages_pkey PRIMARY KEY (id);


--
-- Name: file_rentimages_post file_rentimages_post_pkey; Type: CONSTRAINT; Schema: public; Owner: amlak
--

ALTER TABLE ONLY public.file_rentimages_post
    ADD CONSTRAINT file_rentimages_post_pkey PRIMARY KEY (id);


--
-- Name: file_rentimages_post file_rentimages_post_rentimages_id_rent_id_68c94d9f_uniq; Type: CONSTRAINT; Schema: public; Owner: amlak
--

ALTER TABLE ONLY public.file_rentimages_post
    ADD CONSTRAINT file_rentimages_post_rentimages_id_rent_id_68c94d9f_uniq UNIQUE (rentimages_id, rent_id);


--
-- Name: file_sell file_sell_pkey; Type: CONSTRAINT; Schema: public; Owner: amlak
--

ALTER TABLE ONLY public.file_sell
    ADD CONSTRAINT file_sell_pkey PRIMARY KEY (id);


--
-- Name: file_sellcomment file_sellcomment_pkey; Type: CONSTRAINT; Schema: public; Owner: amlak
--

ALTER TABLE ONLY public.file_sellcomment
    ADD CONSTRAINT file_sellcomment_pkey PRIMARY KEY (id);


--
-- Name: file_sellimages file_sellimages_pkey; Type: CONSTRAINT; Schema: public; Owner: amlak
--

ALTER TABLE ONLY public.file_sellimages
    ADD CONSTRAINT file_sellimages_pkey PRIMARY KEY (id);


--
-- Name: file_sellimages_post file_sellimages_post_pkey; Type: CONSTRAINT; Schema: public; Owner: amlak
--

ALTER TABLE ONLY public.file_sellimages_post
    ADD CONSTRAINT file_sellimages_post_pkey PRIMARY KEY (id);


--
-- Name: file_sellimages_post file_sellimages_post_sellimages_id_sell_id_1b71764c_uniq; Type: CONSTRAINT; Schema: public; Owner: amlak
--

ALTER TABLE ONLY public.file_sellimages_post
    ADD CONSTRAINT file_sellimages_post_sellimages_id_sell_id_1b71764c_uniq UNIQUE (sellimages_id, sell_id);


--
-- Name: taggit_tag taggit_tag_name_key; Type: CONSTRAINT; Schema: public; Owner: amlak
--

ALTER TABLE ONLY public.taggit_tag
    ADD CONSTRAINT taggit_tag_name_key UNIQUE (name);


--
-- Name: taggit_tag taggit_tag_pkey; Type: CONSTRAINT; Schema: public; Owner: amlak
--

ALTER TABLE ONLY public.taggit_tag
    ADD CONSTRAINT taggit_tag_pkey PRIMARY KEY (id);


--
-- Name: taggit_tag taggit_tag_slug_key; Type: CONSTRAINT; Schema: public; Owner: amlak
--

ALTER TABLE ONLY public.taggit_tag
    ADD CONSTRAINT taggit_tag_slug_key UNIQUE (slug);


--
-- Name: taggit_taggeditem taggit_taggeditem_content_type_id_object_i_4bb97a8e_uniq; Type: CONSTRAINT; Schema: public; Owner: amlak
--

ALTER TABLE ONLY public.taggit_taggeditem
    ADD CONSTRAINT taggit_taggeditem_content_type_id_object_i_4bb97a8e_uniq UNIQUE (content_type_id, object_id, tag_id);


--
-- Name: taggit_taggeditem taggit_taggeditem_pkey; Type: CONSTRAINT; Schema: public; Owner: amlak
--

ALTER TABLE ONLY public.taggit_taggeditem
    ADD CONSTRAINT taggit_taggeditem_pkey PRIMARY KEY (id);


--
-- Name: auth_group_name_a6ea08ec_like; Type: INDEX; Schema: public; Owner: amlak
--

CREATE INDEX auth_group_name_a6ea08ec_like ON public.auth_group USING btree (name varchar_pattern_ops);


--
-- Name: auth_group_permissions_group_id_b120cbf9; Type: INDEX; Schema: public; Owner: amlak
--

CREATE INDEX auth_group_permissions_group_id_b120cbf9 ON public.auth_group_permissions USING btree (group_id);


--
-- Name: auth_group_permissions_permission_id_84c5c92e; Type: INDEX; Schema: public; Owner: amlak
--

CREATE INDEX auth_group_permissions_permission_id_84c5c92e ON public.auth_group_permissions USING btree (permission_id);


--
-- Name: auth_permission_content_type_id_2f476e4b; Type: INDEX; Schema: public; Owner: amlak
--

CREATE INDEX auth_permission_content_type_id_2f476e4b ON public.auth_permission USING btree (content_type_id);


--
-- Name: auth_user_groups_group_id_97559544; Type: INDEX; Schema: public; Owner: amlak
--

CREATE INDEX auth_user_groups_group_id_97559544 ON public.auth_user_groups USING btree (group_id);


--
-- Name: auth_user_groups_user_id_6a12ed8b; Type: INDEX; Schema: public; Owner: amlak
--

CREATE INDEX auth_user_groups_user_id_6a12ed8b ON public.auth_user_groups USING btree (user_id);


--
-- Name: auth_user_user_permissions_permission_id_1fbb5f2c; Type: INDEX; Schema: public; Owner: amlak
--

CREATE INDEX auth_user_user_permissions_permission_id_1fbb5f2c ON public.auth_user_user_permissions USING btree (permission_id);


--
-- Name: auth_user_user_permissions_user_id_a95ead1b; Type: INDEX; Schema: public; Owner: amlak
--

CREATE INDEX auth_user_user_permissions_user_id_a95ead1b ON public.auth_user_user_permissions USING btree (user_id);


--
-- Name: auth_user_username_6821ab7c_like; Type: INDEX; Schema: public; Owner: amlak
--

CREATE INDEX auth_user_username_6821ab7c_like ON public.auth_user USING btree (username varchar_pattern_ops);


--
-- Name: customer_buycomment_file_id_a06334ff; Type: INDEX; Schema: public; Owner: amlak
--

CREATE INDEX customer_buycomment_file_id_a06334ff ON public.customer_buycomment USING btree (file_id);


--
-- Name: customer_buycomment_user_id_f95aeb3e; Type: INDEX; Schema: public; Owner: amlak
--

CREATE INDEX customer_buycomment_user_id_f95aeb3e ON public.customer_buycomment USING btree (user_id);


--
-- Name: customer_buycustomer_added_by_id_34e913f8; Type: INDEX; Schema: public; Owner: amlak
--

CREATE INDEX customer_buycustomer_added_by_id_34e913f8 ON public.customer_buycustomer USING btree (added_by_id);


--
-- Name: customer_rentcomment_file_id_b3b4ef8f; Type: INDEX; Schema: public; Owner: amlak
--

CREATE INDEX customer_rentcomment_file_id_b3b4ef8f ON public.customer_rentcomment USING btree (file_id);


--
-- Name: customer_rentcomment_user_id_bd112b17; Type: INDEX; Schema: public; Owner: amlak
--

CREATE INDEX customer_rentcomment_user_id_bd112b17 ON public.customer_rentcomment USING btree (user_id);


--
-- Name: customer_rentcustomer_added_by_id_1ca96d9f; Type: INDEX; Schema: public; Owner: amlak
--

CREATE INDEX customer_rentcustomer_added_by_id_1ca96d9f ON public.customer_rentcustomer USING btree (added_by_id);


--
-- Name: django_admin_log_content_type_id_c4bce8eb; Type: INDEX; Schema: public; Owner: amlak
--

CREATE INDEX django_admin_log_content_type_id_c4bce8eb ON public.django_admin_log USING btree (content_type_id);


--
-- Name: django_admin_log_user_id_c564eba6; Type: INDEX; Schema: public; Owner: amlak
--

CREATE INDEX django_admin_log_user_id_c564eba6 ON public.django_admin_log USING btree (user_id);


--
-- Name: django_session_expire_date_a5c62663; Type: INDEX; Schema: public; Owner: amlak
--

CREATE INDEX django_session_expire_date_a5c62663 ON public.django_session USING btree (expire_date);


--
-- Name: django_session_session_key_c0390e0f_like; Type: INDEX; Schema: public; Owner: amlak
--

CREATE INDEX django_session_session_key_c0390e0f_like ON public.django_session USING btree (session_key varchar_pattern_ops);


--
-- Name: django_site_domain_a2e37b91_like; Type: INDEX; Schema: public; Owner: amlak
--

CREATE INDEX django_site_domain_a2e37b91_like ON public.django_site USING btree (domain varchar_pattern_ops);


--
-- Name: file_rent_added_by_id_848c18a0; Type: INDEX; Schema: public; Owner: amlak
--

CREATE INDEX file_rent_added_by_id_848c18a0 ON public.file_rent USING btree (added_by_id);


--
-- Name: file_rentcomment_file_id_fae8bf9e; Type: INDEX; Schema: public; Owner: amlak
--

CREATE INDEX file_rentcomment_file_id_fae8bf9e ON public.file_rentcomment USING btree (file_id);


--
-- Name: file_rentcomment_user_id_3e899671; Type: INDEX; Schema: public; Owner: amlak
--

CREATE INDEX file_rentcomment_user_id_3e899671 ON public.file_rentcomment USING btree (user_id);


--
-- Name: file_rentimages_post_rent_id_ff394f52; Type: INDEX; Schema: public; Owner: amlak
--

CREATE INDEX file_rentimages_post_rent_id_ff394f52 ON public.file_rentimages_post USING btree (rent_id);


--
-- Name: file_rentimages_post_rentimages_id_dab1a8de; Type: INDEX; Schema: public; Owner: amlak
--

CREATE INDEX file_rentimages_post_rentimages_id_dab1a8de ON public.file_rentimages_post USING btree (rentimages_id);


--
-- Name: file_sell_added_by_id_577055dd; Type: INDEX; Schema: public; Owner: amlak
--

CREATE INDEX file_sell_added_by_id_577055dd ON public.file_sell USING btree (added_by_id);


--
-- Name: file_sellcomment_file_id_ec6e406f; Type: INDEX; Schema: public; Owner: amlak
--

CREATE INDEX file_sellcomment_file_id_ec6e406f ON public.file_sellcomment USING btree (file_id);


--
-- Name: file_sellcomment_user_id_7764bd31; Type: INDEX; Schema: public; Owner: amlak
--

CREATE INDEX file_sellcomment_user_id_7764bd31 ON public.file_sellcomment USING btree (user_id);


--
-- Name: file_sellimages_post_sell_id_84bd75b7; Type: INDEX; Schema: public; Owner: amlak
--

CREATE INDEX file_sellimages_post_sell_id_84bd75b7 ON public.file_sellimages_post USING btree (sell_id);


--
-- Name: file_sellimages_post_sellimages_id_58345fa6; Type: INDEX; Schema: public; Owner: amlak
--

CREATE INDEX file_sellimages_post_sellimages_id_58345fa6 ON public.file_sellimages_post USING btree (sellimages_id);


--
-- Name: taggit_tag_name_58eb2ed9_like; Type: INDEX; Schema: public; Owner: amlak
--

CREATE INDEX taggit_tag_name_58eb2ed9_like ON public.taggit_tag USING btree (name varchar_pattern_ops);


--
-- Name: taggit_tag_slug_6be58b2c_like; Type: INDEX; Schema: public; Owner: amlak
--

CREATE INDEX taggit_tag_slug_6be58b2c_like ON public.taggit_tag USING btree (slug varchar_pattern_ops);


--
-- Name: taggit_taggeditem_content_type_id_9957a03c; Type: INDEX; Schema: public; Owner: amlak
--

CREATE INDEX taggit_taggeditem_content_type_id_9957a03c ON public.taggit_taggeditem USING btree (content_type_id);


--
-- Name: taggit_taggeditem_content_type_id_object_id_196cc965_idx; Type: INDEX; Schema: public; Owner: amlak
--

CREATE INDEX taggit_taggeditem_content_type_id_object_id_196cc965_idx ON public.taggit_taggeditem USING btree (content_type_id, object_id);


--
-- Name: taggit_taggeditem_object_id_e2d7d1df; Type: INDEX; Schema: public; Owner: amlak
--

CREATE INDEX taggit_taggeditem_object_id_e2d7d1df ON public.taggit_taggeditem USING btree (object_id);


--
-- Name: taggit_taggeditem_tag_id_f4f5b767; Type: INDEX; Schema: public; Owner: amlak
--

CREATE INDEX taggit_taggeditem_tag_id_f4f5b767 ON public.taggit_taggeditem USING btree (tag_id);


--
-- Name: agents_m_profile agents_m_profile_user_id_b27bb55a_fk_auth_user_id; Type: FK CONSTRAINT; Schema: public; Owner: amlak
--

ALTER TABLE ONLY public.agents_m_profile
    ADD CONSTRAINT agents_m_profile_user_id_b27bb55a_fk_auth_user_id FOREIGN KEY (user_id) REFERENCES public.auth_user(id) DEFERRABLE INITIALLY DEFERRED;


--
-- Name: auth_group_permissions auth_group_permissio_permission_id_84c5c92e_fk_auth_perm; Type: FK CONSTRAINT; Schema: public; Owner: amlak
--

ALTER TABLE ONLY public.auth_group_permissions
    ADD CONSTRAINT auth_group_permissio_permission_id_84c5c92e_fk_auth_perm FOREIGN KEY (permission_id) REFERENCES public.auth_permission(id) DEFERRABLE INITIALLY DEFERRED;


--
-- Name: auth_group_permissions auth_group_permissions_group_id_b120cbf9_fk_auth_group_id; Type: FK CONSTRAINT; Schema: public; Owner: amlak
--

ALTER TABLE ONLY public.auth_group_permissions
    ADD CONSTRAINT auth_group_permissions_group_id_b120cbf9_fk_auth_group_id FOREIGN KEY (group_id) REFERENCES public.auth_group(id) DEFERRABLE INITIALLY DEFERRED;


--
-- Name: auth_permission auth_permission_content_type_id_2f476e4b_fk_django_co; Type: FK CONSTRAINT; Schema: public; Owner: amlak
--

ALTER TABLE ONLY public.auth_permission
    ADD CONSTRAINT auth_permission_content_type_id_2f476e4b_fk_django_co FOREIGN KEY (content_type_id) REFERENCES public.django_content_type(id) DEFERRABLE INITIALLY DEFERRED;


--
-- Name: auth_user_groups auth_user_groups_group_id_97559544_fk_auth_group_id; Type: FK CONSTRAINT; Schema: public; Owner: amlak
--

ALTER TABLE ONLY public.auth_user_groups
    ADD CONSTRAINT auth_user_groups_group_id_97559544_fk_auth_group_id FOREIGN KEY (group_id) REFERENCES public.auth_group(id) DEFERRABLE INITIALLY DEFERRED;


--
-- Name: auth_user_groups auth_user_groups_user_id_6a12ed8b_fk_auth_user_id; Type: FK CONSTRAINT; Schema: public; Owner: amlak
--

ALTER TABLE ONLY public.auth_user_groups
    ADD CONSTRAINT auth_user_groups_user_id_6a12ed8b_fk_auth_user_id FOREIGN KEY (user_id) REFERENCES public.auth_user(id) DEFERRABLE INITIALLY DEFERRED;


--
-- Name: auth_user_user_permissions auth_user_user_permi_permission_id_1fbb5f2c_fk_auth_perm; Type: FK CONSTRAINT; Schema: public; Owner: amlak
--

ALTER TABLE ONLY public.auth_user_user_permissions
    ADD CONSTRAINT auth_user_user_permi_permission_id_1fbb5f2c_fk_auth_perm FOREIGN KEY (permission_id) REFERENCES public.auth_permission(id) DEFERRABLE INITIALLY DEFERRED;


--
-- Name: auth_user_user_permissions auth_user_user_permissions_user_id_a95ead1b_fk_auth_user_id; Type: FK CONSTRAINT; Schema: public; Owner: amlak
--

ALTER TABLE ONLY public.auth_user_user_permissions
    ADD CONSTRAINT auth_user_user_permissions_user_id_a95ead1b_fk_auth_user_id FOREIGN KEY (user_id) REFERENCES public.auth_user(id) DEFERRABLE INITIALLY DEFERRED;


--
-- Name: customer_buycomment customer_buycomment_file_id_a06334ff_fk_customer_buycustomer_id; Type: FK CONSTRAINT; Schema: public; Owner: amlak
--

ALTER TABLE ONLY public.customer_buycomment
    ADD CONSTRAINT customer_buycomment_file_id_a06334ff_fk_customer_buycustomer_id FOREIGN KEY (file_id) REFERENCES public.customer_buycustomer(id) DEFERRABLE INITIALLY DEFERRED;


--
-- Name: customer_buycomment customer_buycomment_user_id_f95aeb3e_fk_auth_user_id; Type: FK CONSTRAINT; Schema: public; Owner: amlak
--

ALTER TABLE ONLY public.customer_buycomment
    ADD CONSTRAINT customer_buycomment_user_id_f95aeb3e_fk_auth_user_id FOREIGN KEY (user_id) REFERENCES public.auth_user(id) DEFERRABLE INITIALLY DEFERRED;


--
-- Name: customer_buycustomer customer_buycustomer_added_by_id_34e913f8_fk_auth_user_id; Type: FK CONSTRAINT; Schema: public; Owner: amlak
--

ALTER TABLE ONLY public.customer_buycustomer
    ADD CONSTRAINT customer_buycustomer_added_by_id_34e913f8_fk_auth_user_id FOREIGN KEY (added_by_id) REFERENCES public.auth_user(id) DEFERRABLE INITIALLY DEFERRED;


--
-- Name: customer_rentcomment customer_rentcomment_file_id_b3b4ef8f_fk_customer_; Type: FK CONSTRAINT; Schema: public; Owner: amlak
--

ALTER TABLE ONLY public.customer_rentcomment
    ADD CONSTRAINT customer_rentcomment_file_id_b3b4ef8f_fk_customer_ FOREIGN KEY (file_id) REFERENCES public.customer_rentcustomer(id) DEFERRABLE INITIALLY DEFERRED;


--
-- Name: customer_rentcomment customer_rentcomment_user_id_bd112b17_fk_auth_user_id; Type: FK CONSTRAINT; Schema: public; Owner: amlak
--

ALTER TABLE ONLY public.customer_rentcomment
    ADD CONSTRAINT customer_rentcomment_user_id_bd112b17_fk_auth_user_id FOREIGN KEY (user_id) REFERENCES public.auth_user(id) DEFERRABLE INITIALLY DEFERRED;


--
-- Name: customer_rentcustomer customer_rentcustomer_added_by_id_1ca96d9f_fk_auth_user_id; Type: FK CONSTRAINT; Schema: public; Owner: amlak
--

ALTER TABLE ONLY public.customer_rentcustomer
    ADD CONSTRAINT customer_rentcustomer_added_by_id_1ca96d9f_fk_auth_user_id FOREIGN KEY (added_by_id) REFERENCES public.auth_user(id) DEFERRABLE INITIALLY DEFERRED;


--
-- Name: django_admin_log django_admin_log_content_type_id_c4bce8eb_fk_django_co; Type: FK CONSTRAINT; Schema: public; Owner: amlak
--

ALTER TABLE ONLY public.django_admin_log
    ADD CONSTRAINT django_admin_log_content_type_id_c4bce8eb_fk_django_co FOREIGN KEY (content_type_id) REFERENCES public.django_content_type(id) DEFERRABLE INITIALLY DEFERRED;


--
-- Name: django_admin_log django_admin_log_user_id_c564eba6_fk_auth_user_id; Type: FK CONSTRAINT; Schema: public; Owner: amlak
--

ALTER TABLE ONLY public.django_admin_log
    ADD CONSTRAINT django_admin_log_user_id_c564eba6_fk_auth_user_id FOREIGN KEY (user_id) REFERENCES public.auth_user(id) DEFERRABLE INITIALLY DEFERRED;


--
-- Name: file_rent file_rent_added_by_id_848c18a0_fk_auth_user_id; Type: FK CONSTRAINT; Schema: public; Owner: amlak
--

ALTER TABLE ONLY public.file_rent
    ADD CONSTRAINT file_rent_added_by_id_848c18a0_fk_auth_user_id FOREIGN KEY (added_by_id) REFERENCES public.auth_user(id) DEFERRABLE INITIALLY DEFERRED;


--
-- Name: file_rentcomment file_rentcomment_file_id_fae8bf9e_fk_file_rent_id; Type: FK CONSTRAINT; Schema: public; Owner: amlak
--

ALTER TABLE ONLY public.file_rentcomment
    ADD CONSTRAINT file_rentcomment_file_id_fae8bf9e_fk_file_rent_id FOREIGN KEY (file_id) REFERENCES public.file_rent(id) DEFERRABLE INITIALLY DEFERRED;


--
-- Name: file_rentcomment file_rentcomment_user_id_3e899671_fk_auth_user_id; Type: FK CONSTRAINT; Schema: public; Owner: amlak
--

ALTER TABLE ONLY public.file_rentcomment
    ADD CONSTRAINT file_rentcomment_user_id_3e899671_fk_auth_user_id FOREIGN KEY (user_id) REFERENCES public.auth_user(id) DEFERRABLE INITIALLY DEFERRED;


--
-- Name: file_rentimages_post file_rentimages_post_rent_id_ff394f52_fk_file_rent_id; Type: FK CONSTRAINT; Schema: public; Owner: amlak
--

ALTER TABLE ONLY public.file_rentimages_post
    ADD CONSTRAINT file_rentimages_post_rent_id_ff394f52_fk_file_rent_id FOREIGN KEY (rent_id) REFERENCES public.file_rent(id) DEFERRABLE INITIALLY DEFERRED;


--
-- Name: file_rentimages_post file_rentimages_post_rentimages_id_dab1a8de_fk_file_rent; Type: FK CONSTRAINT; Schema: public; Owner: amlak
--

ALTER TABLE ONLY public.file_rentimages_post
    ADD CONSTRAINT file_rentimages_post_rentimages_id_dab1a8de_fk_file_rent FOREIGN KEY (rentimages_id) REFERENCES public.file_rentimages(id) DEFERRABLE INITIALLY DEFERRED;


--
-- Name: file_sell file_sell_added_by_id_577055dd_fk_auth_user_id; Type: FK CONSTRAINT; Schema: public; Owner: amlak
--

ALTER TABLE ONLY public.file_sell
    ADD CONSTRAINT file_sell_added_by_id_577055dd_fk_auth_user_id FOREIGN KEY (added_by_id) REFERENCES public.auth_user(id) DEFERRABLE INITIALLY DEFERRED;


--
-- Name: file_sellcomment file_sellcomment_file_id_ec6e406f_fk_file_sell_id; Type: FK CONSTRAINT; Schema: public; Owner: amlak
--

ALTER TABLE ONLY public.file_sellcomment
    ADD CONSTRAINT file_sellcomment_file_id_ec6e406f_fk_file_sell_id FOREIGN KEY (file_id) REFERENCES public.file_sell(id) DEFERRABLE INITIALLY DEFERRED;


--
-- Name: file_sellcomment file_sellcomment_user_id_7764bd31_fk_auth_user_id; Type: FK CONSTRAINT; Schema: public; Owner: amlak
--

ALTER TABLE ONLY public.file_sellcomment
    ADD CONSTRAINT file_sellcomment_user_id_7764bd31_fk_auth_user_id FOREIGN KEY (user_id) REFERENCES public.auth_user(id) DEFERRABLE INITIALLY DEFERRED;


--
-- Name: file_sellimages_post file_sellimages_post_sell_id_84bd75b7_fk_file_sell_id; Type: FK CONSTRAINT; Schema: public; Owner: amlak
--

ALTER TABLE ONLY public.file_sellimages_post
    ADD CONSTRAINT file_sellimages_post_sell_id_84bd75b7_fk_file_sell_id FOREIGN KEY (sell_id) REFERENCES public.file_sell(id) DEFERRABLE INITIALLY DEFERRED;


--
-- Name: file_sellimages_post file_sellimages_post_sellimages_id_58345fa6_fk_file_sell; Type: FK CONSTRAINT; Schema: public; Owner: amlak
--

ALTER TABLE ONLY public.file_sellimages_post
    ADD CONSTRAINT file_sellimages_post_sellimages_id_58345fa6_fk_file_sell FOREIGN KEY (sellimages_id) REFERENCES public.file_sellimages(id) DEFERRABLE INITIALLY DEFERRED;


--
-- Name: taggit_taggeditem taggit_taggeditem_content_type_id_9957a03c_fk_django_co; Type: FK CONSTRAINT; Schema: public; Owner: amlak
--

ALTER TABLE ONLY public.taggit_taggeditem
    ADD CONSTRAINT taggit_taggeditem_content_type_id_9957a03c_fk_django_co FOREIGN KEY (content_type_id) REFERENCES public.django_content_type(id) DEFERRABLE INITIALLY DEFERRED;


--
-- Name: taggit_taggeditem taggit_taggeditem_tag_id_f4f5b767_fk_taggit_tag_id; Type: FK CONSTRAINT; Schema: public; Owner: amlak
--

ALTER TABLE ONLY public.taggit_taggeditem
    ADD CONSTRAINT taggit_taggeditem_tag_id_f4f5b767_fk_taggit_tag_id FOREIGN KEY (tag_id) REFERENCES public.taggit_tag(id) DEFERRABLE INITIALLY DEFERRED;


--
-- PostgreSQL database dump complete
--

