--
-- PostgreSQL database dump
--

-- Dumped from database version 15.3
-- Dumped by pg_dump version 15.3

SET statement_timeout = 0;
SET lock_timeout = 0;
SET idle_in_transaction_session_timeout = 0;
SET client_encoding = 'UTF8';
SET standard_conforming_strings = on;
SELECT pg_catalog.set_config('search_path', '', false);
SET check_function_bodies = false;
SET xmloption = content;
SET client_min_messages = warning;
SET row_security = off;

SET default_tablespace = '';

SET default_table_access_method = heap;

--
-- Name: agents_m_profile; Type: TABLE; Schema: public; Owner: amlak
--

CREATE TABLE public.agents_m_profile (
    id bigint NOT NULL,
    first_name character varying(120) NOT NULL,
    last_name character varying(120) NOT NULL,
    phone_number character varying(12) NOT NULL,
    user_id integer NOT NULL
);


ALTER TABLE public.agents_m_profile OWNER TO amlak;

--
-- Name: agents_m_profile_id_seq; Type: SEQUENCE; Schema: public; Owner: amlak
--

ALTER TABLE public.agents_m_profile ALTER COLUMN id ADD GENERATED BY DEFAULT AS IDENTITY (
    SEQUENCE NAME public.agents_m_profile_id_seq
    START WITH 1
    INCREMENT BY 1
    NO MINVALUE
    NO MAXVALUE
    CACHE 1
);


--
-- Name: auth_group; Type: TABLE; Schema: public; Owner: amlak
--

CREATE TABLE public.auth_group (
    id integer NOT NULL,
    name character varying(150) NOT NULL
);


ALTER TABLE public.auth_group OWNER TO amlak;

--
-- Name: auth_group_id_seq; Type: SEQUENCE; Schema: public; Owner: amlak
--

ALTER TABLE public.auth_group ALTER COLUMN id ADD GENERATED BY DEFAULT AS IDENTITY (
    SEQUENCE NAME public.auth_group_id_seq
    START WITH 1
    INCREMENT BY 1
    NO MINVALUE
    NO MAXVALUE
    CACHE 1
);


--
-- Name: auth_group_permissions; Type: TABLE; Schema: public; Owner: amlak
--

CREATE TABLE public.auth_group_permissions (
    id bigint NOT NULL,
    group_id integer NOT NULL,
    permission_id integer NOT NULL
);


ALTER TABLE public.auth_group_permissions OWNER TO amlak;

--
-- Name: auth_group_permissions_id_seq; Type: SEQUENCE; Schema: public; Owner: amlak
--

ALTER TABLE public.auth_group_permissions ALTER COLUMN id ADD GENERATED BY DEFAULT AS IDENTITY (
    SEQUENCE NAME public.auth_group_permissions_id_seq
    START WITH 1
    INCREMENT BY 1
    NO MINVALUE
    NO MAXVALUE
    CACHE 1
);


--
-- Name: auth_permission; Type: TABLE; Schema: public; Owner: amlak
--

CREATE TABLE public.auth_permission (
    id integer NOT NULL,
    name character varying(255) NOT NULL,
    content_type_id integer NOT NULL,
    codename character varying(100) NOT NULL
);


ALTER TABLE public.auth_permission OWNER TO amlak;

--
-- Name: auth_permission_id_seq; Type: SEQUENCE; Schema: public; Owner: amlak
--

ALTER TABLE public.auth_permission ALTER COLUMN id ADD GENERATED BY DEFAULT AS IDENTITY (
    SEQUENCE NAME public.auth_permission_id_seq
    START WITH 1
    INCREMENT BY 1
    NO MINVALUE
    NO MAXVALUE
    CACHE 1
);


--
-- Name: auth_user; Type: TABLE; Schema: public; Owner: amlak
--

CREATE TABLE public.auth_user (
    id integer NOT NULL,
    password character varying(128) NOT NULL,
    last_login timestamp with time zone,
    is_superuser boolean NOT NULL,
    username character varying(150) NOT NULL,
    first_name character varying(150) NOT NULL,
    last_name character varying(150) NOT NULL,
    email character varying(254) NOT NULL,
    is_staff boolean NOT NULL,
    is_active boolean NOT NULL,
    date_joined timestamp with time zone NOT NULL
);


ALTER TABLE public.auth_user OWNER TO amlak;

--
-- Name: auth_user_groups; Type: TABLE; Schema: public; Owner: amlak
--

CREATE TABLE public.auth_user_groups (
    id bigint NOT NULL,
    user_id integer NOT NULL,
    group_id integer NOT NULL
);


ALTER TABLE public.auth_user_groups OWNER TO amlak;

--
-- Name: auth_user_groups_id_seq; Type: SEQUENCE; Schema: public; Owner: amlak
--

ALTER TABLE public.auth_user_groups ALTER COLUMN id ADD GENERATED BY DEFAULT AS IDENTITY (
    SEQUENCE NAME public.auth_user_groups_id_seq
    START WITH 1
    INCREMENT BY 1
    NO MINVALUE
    NO MAXVALUE
    CACHE 1
);


--
-- Name: auth_user_id_seq; Type: SEQUENCE; Schema: public; Owner: amlak
--

ALTER TABLE public.auth_user ALTER COLUMN id ADD GENERATED BY DEFAULT AS IDENTITY (
    SEQUENCE NAME public.auth_user_id_seq
    START WITH 1
    INCREMENT BY 1
    NO MINVALUE
    NO MAXVALUE
    CACHE 1
);


--
-- Name: auth_user_user_permissions; Type: TABLE; Schema: public; Owner: amlak
--

CREATE TABLE public.auth_user_user_permissions (
    id bigint NOT NULL,
    user_id integer NOT NULL,
    permission_id integer NOT NULL
);


ALTER TABLE public.auth_user_user_permissions OWNER TO amlak;

--
-- Name: auth_user_user_permissions_id_seq; Type: SEQUENCE; Schema: public; Owner: amlak
--

ALTER TABLE public.auth_user_user_permissions ALTER COLUMN id ADD GENERATED BY DEFAULT AS IDENTITY (
    SEQUENCE NAME public.auth_user_user_permissions_id_seq
    START WITH 1
    INCREMENT BY 1
    NO MINVALUE
    NO MAXVALUE
    CACHE 1
);


--
-- Name: customer_buycomment; Type: TABLE; Schema: public; Owner: amlak
--

CREATE TABLE public.customer_buycomment (
    id bigint NOT NULL,
    body text NOT NULL,
    created timestamp with time zone NOT NULL,
    updated timestamp with time zone NOT NULL,
    active boolean NOT NULL,
    file_id bigint NOT NULL,
    user_id integer NOT NULL
);


ALTER TABLE public.customer_buycomment OWNER TO amlak;

--
-- Name: customer_buycomment_id_seq; Type: SEQUENCE; Schema: public; Owner: amlak
--

ALTER TABLE public.customer_buycomment ALTER COLUMN id ADD GENERATED BY DEFAULT AS IDENTITY (
    SEQUENCE NAME public.customer_buycomment_id_seq
    START WITH 1
    INCREMENT BY 1
    NO MINVALUE
    NO MAXVALUE
    CACHE 1
);


--
-- Name: customer_buycustomer; Type: TABLE; Schema: public; Owner: amlak
--

CREATE TABLE public.customer_buycustomer (
    id bigint NOT NULL,
    customer_name character varying(150) NOT NULL,
    customer_phone character varying(12) NOT NULL,
    budget integer NOT NULL,
    property_type character varying(1) NOT NULL,
    added_by_id integer NOT NULL,
    created timestamp with time zone NOT NULL,
    elevator boolean NOT NULL,
    m2 integer,
    parking boolean NOT NULL,
    storage boolean NOT NULL,
    updated timestamp with time zone NOT NULL,
    year integer,
    bedroom integer,
    vahedha integer
);


ALTER TABLE public.customer_buycustomer OWNER TO amlak;

--
-- Name: customer_buycustomer_id_seq; Type: SEQUENCE; Schema: public; Owner: amlak
--

ALTER TABLE public.customer_buycustomer ALTER COLUMN id ADD GENERATED BY DEFAULT AS IDENTITY (
    SEQUENCE NAME public.customer_buycustomer_id_seq
    START WITH 1
    INCREMENT BY 1
    NO MINVALUE
    NO MAXVALUE
    CACHE 1
);


--
-- Name: customer_rentcomment; Type: TABLE; Schema: public; Owner: amlak
--

CREATE TABLE public.customer_rentcomment (
    id bigint NOT NULL,
    body text NOT NULL,
    created timestamp with time zone NOT NULL,
    updated timestamp with time zone NOT NULL,
    active boolean NOT NULL,
    file_id bigint NOT NULL,
    user_id integer NOT NULL
);


ALTER TABLE public.customer_rentcomment OWNER TO amlak;

--
-- Name: customer_rentcomment_id_seq; Type: SEQUENCE; Schema: public; Owner: amlak
--

ALTER TABLE public.customer_rentcomment ALTER COLUMN id ADD GENERATED BY DEFAULT AS IDENTITY (
    SEQUENCE NAME public.customer_rentcomment_id_seq
    START WITH 1
    INCREMENT BY 1
    NO MINVALUE
    NO MAXVALUE
    CACHE 1
);


--
-- Name: customer_rentcustomer; Type: TABLE; Schema: public; Owner: amlak
--

CREATE TABLE public.customer_rentcustomer (
    id bigint NOT NULL,
    customer_name character varying(150) NOT NULL,
    customer_phone character varying(12) NOT NULL,
    up_budget integer NOT NULL,
    rent_budget double precision NOT NULL,
    property_type character varying(1) NOT NULL,
    added_by_id integer NOT NULL,
    created timestamp with time zone NOT NULL,
    elevator boolean NOT NULL,
    m2 integer,
    parking boolean NOT NULL,
    storage boolean NOT NULL,
    updated timestamp with time zone NOT NULL,
    year integer,
    bedroom integer,
    vahedha integer
);


ALTER TABLE public.customer_rentcustomer OWNER TO amlak;

--
-- Name: customer_rentcustomer_id_seq; Type: SEQUENCE; Schema: public; Owner: amlak
--

ALTER TABLE public.customer_rentcustomer ALTER COLUMN id ADD GENERATED BY DEFAULT AS IDENTITY (
    SEQUENCE NAME public.customer_rentcustomer_id_seq
    START WITH 1
    INCREMENT BY 1
    NO MINVALUE
    NO MAXVALUE
    CACHE 1
);


--
-- Name: django_admin_log; Type: TABLE; Schema: public; Owner: amlak
--

CREATE TABLE public.django_admin_log (
    id integer NOT NULL,
    action_time timestamp with time zone NOT NULL,
    object_id text,
    object_repr character varying(200) NOT NULL,
    action_flag smallint NOT NULL,
    change_message text NOT NULL,
    content_type_id integer,
    user_id integer NOT NULL,
    CONSTRAINT django_admin_log_action_flag_check CHECK ((action_flag >= 0))
);


ALTER TABLE public.django_admin_log OWNER TO amlak;

--
-- Name: django_admin_log_id_seq; Type: SEQUENCE; Schema: public; Owner: amlak
--

ALTER TABLE public.django_admin_log ALTER COLUMN id ADD GENERATED BY DEFAULT AS IDENTITY (
    SEQUENCE NAME public.django_admin_log_id_seq
    START WITH 1
    INCREMENT BY 1
    NO MINVALUE
    NO MAXVALUE
    CACHE 1
);


--
-- Name: django_content_type; Type: TABLE; Schema: public; Owner: amlak
--

CREATE TABLE public.django_content_type (
    id integer NOT NULL,
    app_label character varying(100) NOT NULL,
    model character varying(100) NOT NULL
);


ALTER TABLE public.django_content_type OWNER TO amlak;

--
-- Name: django_content_type_id_seq; Type: SEQUENCE; Schema: public; Owner: amlak
--

ALTER TABLE public.django_content_type ALTER COLUMN id ADD GENERATED BY DEFAULT AS IDENTITY (
    SEQUENCE NAME public.django_content_type_id_seq
    START WITH 1
    INCREMENT BY 1
    NO MINVALUE
    NO MAXVALUE
    CACHE 1
);


--
-- Name: django_migrations; Type: TABLE; Schema: public; Owner: amlak
--

CREATE TABLE public.django_migrations (
    id bigint NOT NULL,
    app character varying(255) NOT NULL,
    name character varying(255) NOT NULL,
    applied timestamp with time zone NOT NULL
);


ALTER TABLE public.django_migrations OWNER TO amlak;

--
-- Name: django_migrations_id_seq; Type: SEQUENCE; Schema: public; Owner: amlak
--

ALTER TABLE public.django_migrations ALTER COLUMN id ADD GENERATED BY DEFAULT AS IDENTITY (
    SEQUENCE NAME public.django_migrations_id_seq
    START WITH 1
    INCREMENT BY 1
    NO MINVALUE
    NO MAXVALUE
    CACHE 1
);


--
-- Name: django_session; Type: TABLE; Schema: public; Owner: amlak
--

CREATE TABLE public.django_session (
    session_key character varying(40) NOT NULL,
    session_data text NOT NULL,
    expire_date timestamp with time zone NOT NULL
);


ALTER TABLE public.django_session OWNER TO amlak;

--
-- Name: django_site; Type: TABLE; Schema: public; Owner: amlak
--

CREATE TABLE public.django_site (
    id integer NOT NULL,
    domain character varying(100) NOT NULL,
    name character varying(50) NOT NULL
);


ALTER TABLE public.django_site OWNER TO amlak;

--
-- Name: django_site_id_seq; Type: SEQUENCE; Schema: public; Owner: amlak
--

ALTER TABLE public.django_site ALTER COLUMN id ADD GENERATED BY DEFAULT AS IDENTITY (
    SEQUENCE NAME public.django_site_id_seq
    START WITH 1
    INCREMENT BY 1
    NO MINVALUE
    NO MAXVALUE
    CACHE 1
);


--
-- Name: file_rent; Type: TABLE; Schema: public; Owner: amlak
--

CREATE TABLE public.file_rent (
    owner_name character varying(1000) NOT NULL,
    owner_phone character varying(12) NOT NULL,
    address text NOT NULL,
    m2 integer NOT NULL,
    price_up integer NOT NULL,
    price_rent double precision NOT NULL,
    year integer NOT NULL,
    floor integer NOT NULL,
    elevator boolean NOT NULL,
    storage boolean NOT NULL,
    parking boolean NOT NULL,
    property_type character varying(1) NOT NULL,
    id bigint NOT NULL,
    added_by_id integer NOT NULL,
    created timestamp with time zone NOT NULL,
    updated timestamp with time zone NOT NULL,
    image1 character varying(100) NOT NULL,
    image2 character varying(100) NOT NULL,
    image3 character varying(100) NOT NULL,
    image4 character varying(100) NOT NULL,
    image5 character varying(100) NOT NULL,
    bazdid character varying(100),
    bedroom integer,
    komod_divari boolean NOT NULL,
    parking_motor boolean NOT NULL,
    tabaghat integer,
    tabdil boolean NOT NULL,
    takhlie character varying(100),
    vahedha integer
);


ALTER TABLE public.file_rent OWNER TO amlak;

--
-- Name: file_rent_id_seq; Type: SEQUENCE; Schema: public; Owner: amlak
--

ALTER TABLE public.file_rent ALTER COLUMN id ADD GENERATED BY DEFAULT AS IDENTITY (
    SEQUENCE NAME public.file_rent_id_seq
    START WITH 1
    INCREMENT BY 1
    NO MINVALUE
    NO MAXVALUE
    CACHE 1
);


--
-- Name: file_rentcomment; Type: TABLE; Schema: public; Owner: amlak
--

CREATE TABLE public.file_rentcomment (
    id bigint NOT NULL,
    body text NOT NULL,
    created timestamp with time zone NOT NULL,
    updated timestamp with time zone NOT NULL,
    active boolean NOT NULL,
    file_id bigint NOT NULL,
    user_id integer NOT NULL
);


ALTER TABLE public.file_rentcomment OWNER TO amlak;

--
-- Name: file_rentcomment_id_seq; Type: SEQUENCE; Schema: public; Owner: amlak
--

ALTER TABLE public.file_rentcomment ALTER COLUMN id ADD GENERATED BY DEFAULT AS IDENTITY (
    SEQUENCE NAME public.file_rentcomment_id_seq
    START WITH 1
    INCREMENT BY 1
    NO MINVALUE
    NO MAXVALUE
    CACHE 1
);


--
-- Name: file_rentimages; Type: TABLE; Schema: public; Owner: amlak
--

CREATE TABLE public.file_rentimages (
    id bigint NOT NULL,
    image character varying(100) NOT NULL
);


ALTER TABLE public.file_rentimages OWNER TO amlak;

--
-- Name: file_rentimages_id_seq; Type: SEQUENCE; Schema: public; Owner: amlak
--

ALTER TABLE public.file_rentimages ALTER COLUMN id ADD GENERATED BY DEFAULT AS IDENTITY (
    SEQUENCE NAME public.file_rentimages_id_seq
    START WITH 1
    INCREMENT BY 1
    NO MINVALUE
    NO MAXVALUE
    CACHE 1
);


--
-- Name: file_rentimages_post; Type: TABLE; Schema: public; Owner: amlak
--

CREATE TABLE public.file_rentimages_post (
    id bigint NOT NULL,
    rentimages_id bigint NOT NULL,
    rent_id bigint NOT NULL
);


ALTER TABLE public.file_rentimages_post OWNER TO amlak;

--
-- Name: file_rentimages_post_id_seq; Type: SEQUENCE; Schema: public; Owner: amlak
--

ALTER TABLE public.file_rentimages_post ALTER COLUMN id ADD GENERATED BY DEFAULT AS IDENTITY (
    SEQUENCE NAME public.file_rentimages_post_id_seq
    START WITH 1
    INCREMENT BY 1
    NO MINVALUE
    NO MAXVALUE
    CACHE 1
);


--
-- Name: file_sell; Type: TABLE; Schema: public; Owner: amlak
--

CREATE TABLE public.file_sell (
    owner_name character varying(1000) NOT NULL,
    owner_phone character varying(12) NOT NULL,
    address text NOT NULL,
    m2 integer NOT NULL,
    price integer NOT NULL,
    year integer NOT NULL,
    floor integer NOT NULL,
    elevator boolean NOT NULL,
    storage boolean NOT NULL,
    parking boolean NOT NULL,
    property_type character varying(1) NOT NULL,
    id bigint NOT NULL,
    added_by_id integer NOT NULL,
    created timestamp with time zone NOT NULL,
    updated timestamp with time zone NOT NULL,
    image1 character varying(100) NOT NULL,
    image2 character varying(100) NOT NULL,
    image3 character varying(100) NOT NULL,
    image4 character varying(100) NOT NULL,
    image5 character varying(100) NOT NULL,
    bazdid character varying(100),
    bedroom integer,
    komod_divari boolean NOT NULL,
    parking_motor boolean NOT NULL,
    tabaghat integer,
    takhlie character varying(100),
    vahedha integer
);


ALTER TABLE public.file_sell OWNER TO amlak;

--
-- Name: file_sell_id_seq; Type: SEQUENCE; Schema: public; Owner: amlak
--

ALTER TABLE public.file_sell ALTER COLUMN id ADD GENERATED BY DEFAULT AS IDENTITY (
    SEQUENCE NAME public.file_sell_id_seq
    START WITH 1
    INCREMENT BY 1
    NO MINVALUE
    NO MAXVALUE
    CACHE 1
);


--
-- Name: file_sellcomment; Type: TABLE; Schema: public; Owner: amlak
--

CREATE TABLE public.file_sellcomment (
    id bigint NOT NULL,
    body text NOT NULL,
    created timestamp with time zone NOT NULL,
    updated timestamp with time zone NOT NULL,
    active boolean NOT NULL,
    file_id bigint NOT NULL,
    user_id integer NOT NULL
);


ALTER TABLE public.file_sellcomment OWNER TO amlak;

--
-- Name: file_sellcomment_id_seq; Type: SEQUENCE; Schema: public; Owner: amlak
--

ALTER TABLE public.file_sellcomment ALTER COLUMN id ADD GENERATED BY DEFAULT AS IDENTITY (
    SEQUENCE NAME public.file_sellcomment_id_seq
    START WITH 1
    INCREMENT BY 1
    NO MINVALUE
    NO MAXVALUE
    CACHE 1
);


--
-- Name: file_sellimages; Type: TABLE; Schema: public; Owner: amlak
--

CREATE TABLE public.file_sellimages (
    id bigint NOT NULL,
    image character varying(100) NOT NULL
);


ALTER TABLE public.file_sellimages OWNER TO amlak;

--
-- Name: file_sellimages_id_seq; Type: SEQUENCE; Schema: public; Owner: amlak
--

ALTER TABLE public.file_sellimages ALTER COLUMN id ADD GENERATED BY DEFAULT AS IDENTITY (
    SEQUENCE NAME public.file_sellimages_id_seq
    START WITH 1
    INCREMENT BY 1
    NO MINVALUE
    NO MAXVALUE
    CACHE 1
);


--
-- Name: file_sellimages_post; Type: TABLE; Schema: public; Owner: amlak
--

CREATE TABLE public.file_sellimages_post (
    id bigint NOT NULL,
    sellimages_id bigint NOT NULL,
    sell_id bigint NOT NULL
);


ALTER TABLE public.file_sellimages_post OWNER TO amlak;

--
-- Name: file_sellimages_post_id_seq; Type: SEQUENCE; Schema: public; Owner: amlak
--

ALTER TABLE public.file_sellimages_post ALTER COLUMN id ADD GENERATED BY DEFAULT AS IDENTITY (
    SEQUENCE NAME public.file_sellimages_post_id_seq
    START WITH 1
    INCREMENT BY 1
    NO MINVALUE
    NO MAXVALUE
    CACHE 1
);


--
-- Name: taggit_tag; Type: TABLE; Schema: public; Owner: amlak
--

CREATE TABLE public.taggit_tag (
    id integer NOT NULL,
    name character varying(100) NOT NULL,
    slug character varying(100) NOT NULL
);


ALTER TABLE public.taggit_tag OWNER TO amlak;

--
-- Name: taggit_tag_id_seq; Type: SEQUENCE; Schema: public; Owner: amlak
--

ALTER TABLE public.taggit_tag ALTER COLUMN id ADD GENERATED BY DEFAULT AS IDENTITY (
    SEQUENCE NAME public.taggit_tag_id_seq
    START WITH 1
    INCREMENT BY 1
    NO MINVALUE
    NO MAXVALUE
    CACHE 1
);


--
-- Name: taggit_taggeditem; Type: TABLE; Schema: public; Owner: amlak
--

CREATE TABLE public.taggit_taggeditem (
    id integer NOT NULL,
    object_id integer NOT NULL,
    content_type_id integer NOT NULL,
    tag_id integer NOT NULL
);


ALTER TABLE public.taggit_taggeditem OWNER TO amlak;

--
-- Name: taggit_taggeditem_id_seq; Type: SEQUENCE; Schema: public; Owner: amlak
--

ALTER TABLE public.taggit_taggeditem ALTER COLUMN id ADD GENERATED BY DEFAULT AS IDENTITY (
    SEQUENCE NAME public.taggit_taggeditem_id_seq
    START WITH 1
    INCREMENT BY 1
    NO MINVALUE
    NO MAXVALUE
    CACHE 1
);


--
-- Data for Name: agents_m_profile; Type: TABLE DATA; Schema: public; Owner: amlak
--

COPY public.agents_m_profile (id, first_name, last_name, phone_number, user_id) FROM stdin;
\.


--
-- Data for Name: auth_group; Type: TABLE DATA; Schema: public; Owner: amlak
--

COPY public.auth_group (id, name) FROM stdin;
\.


--
-- Data for Name: auth_group_permissions; Type: TABLE DATA; Schema: public; Owner: amlak
--

COPY public.auth_group_permissions (id, group_id, permission_id) FROM stdin;
\.


--
-- Data for Name: auth_permission; Type: TABLE DATA; Schema: public; Owner: amlak
--

COPY public.auth_permission (id, name, content_type_id, codename) FROM stdin;
1	Can add buy customer	1	add_buycustomer
2	Can change buy customer	1	change_buycustomer
3	Can delete buy customer	1	delete_buycustomer
4	Can view buy customer	1	view_buycustomer
5	Can add rent customer	2	add_rentcustomer
6	Can change rent customer	2	change_rentcustomer
7	Can delete rent customer	2	delete_rentcustomer
8	Can view rent customer	2	view_rentcustomer
9	Can add Comment	3	add_rentcomment
10	Can change Comment	3	change_rentcomment
11	Can delete Comment	3	delete_rentcomment
12	Can view Comment	3	view_rentcomment
13	Can add Comment	4	add_buycomment
14	Can change Comment	4	change_buycomment
15	Can delete Comment	4	delete_buycomment
16	Can view Comment	4	view_buycomment
17	Can add profile	5	add_profile
18	Can change profile	5	change_profile
19	Can delete profile	5	delete_profile
20	Can view profile	5	view_profile
21	Can add sell	6	add_sell
22	Can change sell	6	change_sell
23	Can delete sell	6	delete_sell
24	Can view sell	6	view_sell
25	Can add rent	7	add_rent
26	Can change rent	7	change_rent
27	Can delete rent	7	delete_rent
28	Can view rent	7	view_rent
29	Can add sell images	8	add_sellimages
30	Can change sell images	8	change_sellimages
31	Can delete sell images	8	delete_sellimages
32	Can view sell images	8	view_sellimages
33	Can add rent images	9	add_rentimages
34	Can change rent images	9	change_rentimages
35	Can delete rent images	9	delete_rentimages
36	Can view rent images	9	view_rentimages
37	Can add Comment	10	add_rentcomment
38	Can change Comment	10	change_rentcomment
39	Can delete Comment	10	delete_rentcomment
40	Can view Comment	10	view_rentcomment
41	Can add Comment	11	add_sellcomment
42	Can change Comment	11	change_sellcomment
43	Can delete Comment	11	delete_sellcomment
44	Can view Comment	11	view_sellcomment
45	Can add log entry	12	add_logentry
46	Can change log entry	12	change_logentry
47	Can delete log entry	12	delete_logentry
48	Can view log entry	12	view_logentry
49	Can add permission	13	add_permission
50	Can change permission	13	change_permission
51	Can delete permission	13	delete_permission
52	Can view permission	13	view_permission
53	Can add group	14	add_group
54	Can change group	14	change_group
55	Can delete group	14	delete_group
56	Can view group	14	view_group
57	Can add user	15	add_user
58	Can change user	15	change_user
59	Can delete user	15	delete_user
60	Can view user	15	view_user
61	Can add content type	16	add_contenttype
62	Can change content type	16	change_contenttype
63	Can delete content type	16	delete_contenttype
64	Can view content type	16	view_contenttype
65	Can add session	17	add_session
66	Can change session	17	change_session
67	Can delete session	17	delete_session
68	Can view session	17	view_session
69	Can add site	18	add_site
70	Can change site	18	change_site
71	Can delete site	18	delete_site
72	Can view site	18	view_site
73	Can add tag	19	add_tag
74	Can change tag	19	change_tag
75	Can delete tag	19	delete_tag
76	Can view tag	19	view_tag
77	Can add tagged item	20	add_taggeditem
78	Can change tagged item	20	change_taggeditem
79	Can delete tagged item	20	delete_taggeditem
80	Can view tagged item	20	view_taggeditem
\.


--
-- Data for Name: auth_user; Type: TABLE DATA; Schema: public; Owner: amlak
--

COPY public.auth_user (id, password, last_login, is_superuser, username, first_name, last_name, email, is_staff, is_active, date_joined) FROM stdin;
1	pbkdf2_sha256$390000$cBiroLRbp2AHrT06Pz3aIF$GkHFxsSHKKr+XeouLwDiL4OeN09aJ/PpvjVTg5Ary9A=	2023-07-19 13:50:19.2297+03:30	t	alireza				t	t	2023-07-01 13:15:48.915795+03:30
2	pbkdf2_sha256$390000$13IN0i5hBe4zqYL5Ee5gac$jxRzJKSletq50TViLLQAYQ8OUmCINJmpC8Yqorstf+c=	\N	t	listing_bot				t	t	2023-07-29 19:54:14.298478+03:30
\.


--
-- Data for Name: auth_user_groups; Type: TABLE DATA; Schema: public; Owner: amlak
--

COPY public.auth_user_groups (id, user_id, group_id) FROM stdin;
\.


--
-- Data for Name: auth_user_user_permissions; Type: TABLE DATA; Schema: public; Owner: amlak
--

COPY public.auth_user_user_permissions (id, user_id, permission_id) FROM stdin;
\.


--
-- Data for Name: customer_buycomment; Type: TABLE DATA; Schema: public; Owner: amlak
--

COPY public.customer_buycomment (id, body, created, updated, active, file_id, user_id) FROM stdin;
\.


--
-- Data for Name: customer_buycustomer; Type: TABLE DATA; Schema: public; Owner: amlak
--

COPY public.customer_buycustomer (id, customer_name, customer_phone, budget, property_type, added_by_id, created, elevator, m2, parking, storage, updated, year, bedroom, vahedha) FROM stdin;
1	616	51	1651	A	1	2023-07-10 12:47:42.026109+03:30	f	651	f	f	2023-07-10 12:47:42.026144+03:30	651	65165	1
4	amini	09212396361	4000	A	1	2023-07-15 20:18:33.525751+03:30	f	60	f	f	2023-07-15 20:18:33.525787+03:30	1390	3	2
5	test	09212396361	1651	A	1	2023-07-15 20:20:59.678307+03:30	f	651	f	f	2023-07-15 20:20:59.678335+03:30	651	651	651
6	amini	09212396361	651	A	1	2023-07-15 20:26:41.991409+03:30	f	651	f	f	2023-07-15 20:26:41.99145+03:30	51	6516	651
7	amini	09212396361	15165	A	1	2023-07-15 20:35:30.055965+03:30	f	16	f	f	2023-07-15 20:35:30.055982+03:30	65	51	1651
8	i	09373990837	1	A	1	2023-07-15 21:37:09.638067+03:30	f	1	f	f	2023-07-15 21:37:09.638083+03:30	651	561	651
9	jlki	09373990837	1	A	1	2023-07-15 21:37:54.877981+03:30	f	1	f	f	2023-07-15 21:37:54.878005+03:30	651	561	651
10	jlki	09373990837	1	A	1	2023-07-15 21:38:18.647887+03:30	f	1	f	f	2023-07-15 21:38:18.647913+03:30	651	2561	651
11	test	09212396361	1	A	1	2023-07-15 21:46:43.921355+03:30	f	1	f	f	2023-07-15 21:46:43.921375+03:30	11	1	1
13	651	1651	564	A	1	2023-07-18 14:52:22.41534+03:30	f	0	f	f	2023-07-18 14:52:22.415357+03:30	0	0	0
14	561	test	1651	A	1	2023-07-18 14:56:40.82194+03:30	f	0	f	f	2023-07-18 14:56:40.821959+03:30	0	0	0
16	TESTING	61	45	A	1	2023-07-31 01:32:41.758509+03:30	f	61651	t	t	2023-07-31 01:32:41.758528+03:30	561	651	61
17	خانی	09127637405	1700	A	1	2023-07-31 15:15:00.698904+03:30	t	90	f	f	2023-08-01 00:07:41.308548+03:30	\N	\N	\N
\.


--
-- Data for Name: customer_rentcomment; Type: TABLE DATA; Schema: public; Owner: amlak
--

COPY public.customer_rentcomment (id, body, created, updated, active, file_id, user_id) FROM stdin;
\.


--
-- Data for Name: customer_rentcustomer; Type: TABLE DATA; Schema: public; Owner: amlak
--

COPY public.customer_rentcustomer (id, customer_name, customer_phone, up_budget, rent_budget, property_type, added_by_id, created, elevator, m2, parking, storage, updated, year, bedroom, vahedha) FROM stdin;
1	baby	61	6156	16	A	1	2023-07-31 01:35:40.829801+03:30	t	156	f	f	2023-07-31 01:35:40.829819+03:30	1561	61	561
\.


--
-- Data for Name: django_admin_log; Type: TABLE DATA; Schema: public; Owner: amlak
--

COPY public.django_admin_log (id, action_time, object_id, object_repr, action_flag, change_message, content_type_id, user_id) FROM stdin;
\.


--
-- Data for Name: django_content_type; Type: TABLE DATA; Schema: public; Owner: amlak
--

COPY public.django_content_type (id, app_label, model) FROM stdin;
1	customer	buycustomer
2	customer	rentcustomer
3	customer	rentcomment
4	customer	buycomment
5	agents_m	profile
6	file	sell
7	file	rent
8	file	sellimages
9	file	rentimages
10	file	rentcomment
11	file	sellcomment
12	admin	logentry
13	auth	permission
14	auth	group
15	auth	user
16	contenttypes	contenttype
17	sessions	session
18	sites	site
19	taggit	tag
20	taggit	taggeditem
\.


--
-- Data for Name: django_migrations; Type: TABLE DATA; Schema: public; Owner: amlak
--

COPY public.django_migrations (id, app, name, applied) FROM stdin;
1	contenttypes	0001_initial	2023-07-01 12:28:41.989508+03:30
2	auth	0001_initial	2023-07-01 12:28:42.856363+03:30
3	admin	0001_initial	2023-07-01 12:28:43.040672+03:30
4	admin	0002_logentry_remove_auto_add	2023-07-01 12:28:43.060766+03:30
5	admin	0003_logentry_add_action_flag_choices	2023-07-01 12:28:43.077755+03:30
6	agents_m	0001_initial	2023-07-01 12:28:43.233021+03:30
7	contenttypes	0002_remove_content_type_name	2023-07-01 12:28:43.309496+03:30
8	auth	0002_alter_permission_name_max_length	2023-07-01 12:28:43.338574+03:30
9	auth	0003_alter_user_email_max_length	2023-07-01 12:28:43.365691+03:30
10	auth	0004_alter_user_username_opts	2023-07-01 12:28:43.392439+03:30
11	auth	0005_alter_user_last_login_null	2023-07-01 12:28:43.423523+03:30
12	auth	0006_require_contenttypes_0002	2023-07-01 12:28:43.432481+03:30
13	auth	0007_alter_validators_add_error_messages	2023-07-01 12:28:43.452972+03:30
14	auth	0008_alter_user_username_max_length	2023-07-01 12:28:43.515326+03:30
15	auth	0009_alter_user_last_name_max_length	2023-07-01 12:28:43.545565+03:30
16	auth	0010_alter_group_name_max_length	2023-07-01 12:28:43.57363+03:30
17	auth	0011_update_proxy_permissions	2023-07-01 12:28:43.595254+03:30
18	auth	0012_alter_user_first_name_max_length	2023-07-01 12:28:43.621645+03:30
19	customer	0001_initial	2023-07-01 12:28:43.698591+03:30
20	customer	0002_buycustomer_type_rentcustomer_type	2023-07-01 12:28:43.7246+03:30
21	customer	0003_buycustomer_added_by_buycustomer_created_and_more	2023-07-01 12:28:44.032738+03:30
22	customer	0004_alter_buycustomer_m2_alter_buycustomer_year_and_more	2023-07-01 12:28:44.099883+03:30
23	customer	0005_alter_buycustomer_options_alter_rentcustomer_options	2023-07-01 12:28:44.171952+03:30
24	customer	0006_rentcomment_buycomment	2023-07-01 12:28:44.567826+03:30
25	customer	0007_alter_buycomment_file_alter_buycomment_user	2023-07-01 12:28:44.6157+03:30
26	taggit	0001_initial	2023-07-01 12:28:44.992255+03:30
27	taggit	0002_auto_20150616_2121	2023-07-01 12:28:45.047273+03:30
28	taggit	0003_taggeditem_add_unique_index	2023-07-01 12:28:45.105266+03:30
29	taggit	0004_alter_taggeditem_content_type_alter_taggeditem_tag	2023-07-01 12:28:45.170811+03:30
30	taggit	0005_auto_20220424_2025	2023-07-01 12:28:45.189494+03:30
31	file	0001_initial	2023-07-01 12:28:45.39938+03:30
32	file	0002_alter_rent_tags_alter_sell_parking_alter_sell_tags	2023-07-01 12:28:45.467122+03:30
33	file	0003_alter_sell_type	2023-07-01 12:28:45.483917+03:30
34	file	0004_alter_rent_type	2023-07-01 12:28:45.504722+03:30
35	file	0005_alter_rent_type_alter_sell_type	2023-07-01 12:28:45.530743+03:30
36	file	0006_alter_rent_type_alter_sell_type	2023-07-01 12:28:45.749581+03:30
37	file	0007_remove_rent_id_remove_sell_id_rent_file_id_and_more	2023-07-01 12:28:45.885239+03:30
38	file	0008_remove_rent_file_id_remove_sell_file_id_rent_id_and_more	2023-07-01 12:28:45.985881+03:30
39	file	0009_rent_file_id_sell_file_id	2023-07-01 12:28:46.020052+03:30
40	file	0010_alter_rent_id_alter_sell_id	2023-07-01 12:28:46.082915+03:30
41	file	0011_alter_rent_file_id_alter_sell_file_id	2023-07-01 12:28:46.11375+03:30
42	file	0012_alter_rent_file_id_alter_sell_file_id	2023-07-01 12:28:46.135923+03:30
43	file	0013_remove_rent_file_id_remove_sell_file_id	2023-07-01 12:28:46.164517+03:30
44	file	0014_alter_rent_owner_name_alter_rent_owner_phone_and_more	2023-07-01 12:28:46.213357+03:30
45	file	0015_rename_tags_sell_tag_manager	2023-07-01 12:28:46.226481+03:30
46	file	0016_rename_tags_rent_tags_manager_rent_added_by_and_more	2023-07-01 12:28:46.36266+03:30
47	file	0017_alter_rent_added_by_alter_sell_added_by	2023-07-01 12:28:46.414513+03:30
48	file	0018_comment	2023-07-01 12:28:46.596329+03:30
49	file	0019_alter_comment_body	2023-07-01 12:28:46.616397+03:30
50	file	0020_alter_comment_user	2023-07-01 12:28:46.707557+03:30
51	file	0021_alter_comment_user_alter_rent_added_by_and_more	2023-07-01 12:28:46.783288+03:30
52	file	0022_alter_rent_added_by_alter_sell_added_by	2023-07-01 12:28:47.073833+03:30
53	file	0023_alter_comment_user	2023-07-01 12:28:47.26699+03:30
54	file	0024_alter_comment_file	2023-07-01 12:28:47.301927+03:30
55	file	0025_alter_comment_user	2023-07-01 12:28:47.408686+03:30
56	file	0026_alter_comment_file	2023-07-01 12:28:47.442731+03:30
57	file	0027_alter_comment_user	2023-07-01 12:28:47.543172+03:30
58	file	0028_rent_created_rent_pictures_rent_updated_sell_created_and_more	2023-07-01 12:28:47.697079+03:30
59	file	0029_alter_rent_pictures_alter_sell_pictures	2023-07-01 12:28:47.733518+03:30
60	file	0030_remove_rent_pictures_remove_sell_pictures	2023-07-01 12:28:47.777247+03:30
61	file	0031_alter_rent_options_alter_sell_options_sellimages_and_more	2023-07-01 12:28:48.196641+03:30
62	file	0032_sell_image1_sell_image2_sell_image3_sell_image4_and_more	2023-07-01 12:28:48.336304+03:30
63	file	0033_rentcomment	2023-07-01 12:28:48.581186+03:30
64	file	0034_rent_image1_rent_image2_rent_image3_rent_image4_and_more	2023-07-01 12:28:48.704136+03:30
65	file	0035_alter_rent_type	2023-07-01 12:28:48.735733+03:30
66	file	0036_alter_sell_type	2023-07-01 12:28:48.769772+03:30
67	file	0037_alter_sell_type	2023-07-01 12:28:48.800835+03:30
68	file	0038_sellcomment_delete_comment	2023-07-01 12:28:48.998805+03:30
69	file	0039_rent_bazdid_rent_bedroom_rent_komod_divari_and_more	2023-07-01 12:28:49.279186+03:30
70	file	0040_alter_rent_takhlie	2023-07-01 12:28:49.305495+03:30
71	file	0041_alter_sell_bazdid_alter_sell_takhlie	2023-07-01 12:28:49.34657+03:30
72	file	0042_alter_rent_bazdid_alter_rent_bedroom_and_more	2023-07-01 12:28:49.64639+03:30
73	file	0043_alter_rent_added_by	2023-07-01 12:28:49.681241+03:30
74	sessions	0001_initial	2023-07-01 12:28:49.848197+03:30
75	sites	0001_initial	2023-07-01 12:28:49.890035+03:30
76	sites	0002_alter_domain_unique	2023-07-01 12:28:49.97352+03:30
77	customer	0008_alter_rentcustomer_rent_budget_and_more	2023-07-10 12:39:12.379562+03:30
78	customer	0009_alter_rentcustomer_up_budget	2023-07-10 12:39:12.521927+03:30
79	customer	0010_buycustomer_bedroom_rentcustomer_bedroom	2023-07-10 12:39:12.60891+03:30
80	customer	0011_buycustomer_vahedha_rentcustomer_vahedha	2023-07-10 12:39:12.677592+03:30
81	customer	0012_alter_buycustomer_vahedha_alter_rentcustomer_vahedha	2023-07-10 12:39:12.72266+03:30
82	file	0044_alter_rent_price_rent_alter_rent_price_up	2023-07-10 12:39:12.998948+03:30
83	file	0045_alter_rent_price_up	2023-07-10 12:39:13.166144+03:30
84	file	0046_rename_type_rent_property_type_and_more	2023-07-27 18:43:09.218827+03:30
85	customer	0013_rename_type_buycustomer_property_type_and_more	2023-07-28 00:00:13.341572+03:30
\.


--
-- Data for Name: django_session; Type: TABLE DATA; Schema: public; Owner: amlak
--

COPY public.django_session (session_key, session_data, expire_date) FROM stdin;
0k3uqpmf9gmcuots03d6vxp5p3a1y41n	.eJxVjDsOwjAQBe_iGlls8JeSPmew1t41DiBHipMKcXccKQW0M_PeWwTc1hK2xkuYSFwFiNMvi5ieXHdBD6z3Waa5rssU5Z7IwzY5zsSv29H-HRRspa-9ZpPOkLXVSBGdRxsJM6OLoCyraIChJ46ysziQ0xfwYHLnSaUBxOcLCaM4lg:1qFXBD:MggbUZXv4b7DGnPalGpbd8xKwmRbVQlLPQayDM-HJto	2023-07-15 13:16:11.575843+03:30
ddnqx4z59qbq4u4aff7gofbyenegga44	.eJxVjDsOwjAQBe_iGlls8JeSPmew1t41DiBHipMKcXccKQW0M_PeWwTc1hK2xkuYSFwFiNMvi5ieXHdBD6z3Waa5rssU5Z7IwzY5zsSv29H-HRRspa-9ZpPOkLXVSBGdRxsJM6OLoCyraIChJ46ysziQ0xfwYHLnSaUBxOcLCaM4lg:1qImtg:Xfx8tbJKAUKwg95k-bu53opHWelJC_4RGMC6wXDzgRs	2023-07-24 12:39:32.793811+03:30
c6svsk8satyvi5bkf22e18tkrsagx11i	.eJxVjDsOwjAQBe_iGlls8JeSPmew1t41DiBHipMKcXccKQW0M_PeWwTc1hK2xkuYSFwFiNMvi5ieXHdBD6z3Waa5rssU5Z7IwzY5zsSv29H-HRRspa-9ZpPOkLXVSBGdRxsJM6OLoCyraIChJ46ysziQ0xfwYHLnSaUBxOcLCaM4lg:1qKfQ3:EKnzfSW8o_rlZmNfLqSN2QApce39H1YwBlVmvd67kU8	2023-07-29 17:04:43.186318+03:30
u9ygos6leu8nkisp7yo3hle3wos9ud63	.eJxVjDsOwjAQBe_iGlls8JeSPmew1t41DiBHipMKcXccKQW0M_PeWwTc1hK2xkuYSFwFiNMvi5ieXHdBD6z3Waa5rssU5Z7IwzY5zsSv29H-HRRspa-9ZpPOkLXVSBGdRxsJM6OLoCyraIChJ46ysziQ0xfwYHLnSaUBxOcLCaM4lg:1qKiBq:mSMA3mVevKr5sXzPh6QVZWnjZb5mVDG_m5A_1Db6mUo	2023-07-29 20:02:14.632633+03:30
91i53ilid6v2mnp3q64jv230jdd04qx0	.eJxVjDsOwjAQBe_iGlls8JeSPmew1t41DiBHipMKcXccKQW0M_PeWwTc1hK2xkuYSFwFiNMvi5ieXHdBD6z3Waa5rssU5Z7IwzY5zsSv29H-HRRspa-9ZpPOkLXVSBGdRxsJM6OLoCyraIChJ46ysziQ0xfwYHLnSaUBxOcLCaM4lg:1qKjfR:7QzvG8cirTx6_t4VMvpwW3IhOQZr3iF22OptjRt4y3o	2023-07-29 21:36:53.477512+03:30
0wsh2gke5mcurxu9dn1w4bcvmyh6b4x1	.eJxVjDsOwjAQBe_iGlls8JeSPmew1t41DiBHipMKcXccKQW0M_PeWwTc1hK2xkuYSFwFiNMvi5ieXHdBD6z3Waa5rssU5Z7IwzY5zsSv29H-HRRspa-9ZpPOkLXVSBGdRxsJM6OLoCyraIChJ46ysziQ0xfwYHLnSaUBxOcLCaM4lg:1qLhih:v5rlieTsvaoGqrdCExF7Zi5n-LZpBOhVkjYcOXCLY_A	2023-08-01 13:44:15.806794+03:30
clvi7sl05p6u3zf8tzyoxszt4jbc7zrc	.eJxVjDsOwjAQBe_iGlls8JeSPmew1t41DiBHipMKcXccKQW0M_PeWwTc1hK2xkuYSFwFiNMvi5ieXHdBD6z3Waa5rssU5Z7IwzY5zsSv29H-HRRspa-9ZpPOkLXVSBGdRxsJM6OLoCyraIChJ46ysziQ0xfwYHLnSaUBxOcLCaM4lg:1qM4I7:nXmkP8xLuGdjJvz3lGyOm_Te7k61-LdKBdV61XGqxRI	2023-08-02 13:50:19.297056+03:30
\.


--
-- Data for Name: django_site; Type: TABLE DATA; Schema: public; Owner: amlak
--

COPY public.django_site (id, domain, name) FROM stdin;
1	example.com	example.com
\.


--
-- Data for Name: file_rent; Type: TABLE DATA; Schema: public; Owner: amlak
--

COPY public.file_rent (owner_name, owner_phone, address, m2, price_up, price_rent, year, floor, elevator, storage, parking, property_type, id, added_by_id, created, updated, image1, image2, image3, image4, image5, bazdid, bedroom, komod_divari, parking_motor, tabaghat, tabdil, takhlie, vahedha) FROM stdin;
11	313	test	321	1321	321	32	1	f	f	f	A	1	1	2023-07-19 13:50:39.317724+03:30	2023-07-19 13:50:39.317762+03:30						321	31	f	f	321	f	0	31
\.


--
-- Data for Name: file_rentcomment; Type: TABLE DATA; Schema: public; Owner: amlak
--

COPY public.file_rentcomment (id, body, created, updated, active, file_id, user_id) FROM stdin;
\.


--
-- Data for Name: file_rentimages; Type: TABLE DATA; Schema: public; Owner: amlak
--

COPY public.file_rentimages (id, image) FROM stdin;
\.


--
-- Data for Name: file_rentimages_post; Type: TABLE DATA; Schema: public; Owner: amlak
--

COPY public.file_rentimages_post (id, rentimages_id, rent_id) FROM stdin;
\.


--
-- Data for Name: file_sell; Type: TABLE DATA; Schema: public; Owner: amlak
--

COPY public.file_sell (owner_name, owner_phone, address, m2, price, year, floor, elevator, storage, parking, property_type, id, added_by_id, created, updated, image1, image2, image3, image4, image5, bazdid, bedroom, komod_divari, parking_motor, tabaghat, takhlie, vahedha) FROM stdin;
dfasdf	asdfa	test	47	47	74	74	f	f	f	A	1	1	2023-07-01 13:17:52.733146+03:30	2023-07-01 13:17:52.733171+03:30						7	4	f	f	74	0	74
کشوری	09192960929	ارجمندی  - کوچه عباسی - کوچه جعفری پلاک ۶ طبقه ۲	50	2450	0	2	f	t	f	A	2	1	2023-07-15 20:52:57.332948+03:30	2023-07-15 20:52:57.332972+03:30						هماهنگی	1	f	f	3	0	1
6156	561	utopia is out	65	165	1651	651	f	f	f	A	14	1	2023-07-30 14:40:21.496495+03:30	2023-07-30 14:40:21.496566+03:30						\N	651	f	f	56	\N	1651
651	51	that shit	65	61651	1651	651	f	f	f	A	15	1	2023-07-30 14:41:27.660906+03:30	2023-07-30 14:41:27.660934+03:30						\N	651	f	f	651	\N	6516
651	1516	h	56	161	1651651	651	f	f	f	A	16	1	2023-07-30 14:46:02.105594+03:30	2023-07-30 14:46:02.105623+03:30						\N	651	f	f	651	\N	65
516	156165	im tierd of this shit	1651	6000	651	165	t	t	t	A	17	1	2023-07-30 14:46:21.721677+03:30	2023-07-31 14:53:39.602479+03:30						\N	65	f	f	651	\N	65
\.


--
-- Data for Name: file_sellcomment; Type: TABLE DATA; Schema: public; Owner: amlak
--

COPY public.file_sellcomment (id, body, created, updated, active, file_id, user_id) FROM stdin;
\.


--
-- Data for Name: file_sellimages; Type: TABLE DATA; Schema: public; Owner: amlak
--

COPY public.file_sellimages (id, image) FROM stdin;
\.


--
-- Data for Name: file_sellimages_post; Type: TABLE DATA; Schema: public; Owner: amlak
--

COPY public.file_sellimages_post (id, sellimages_id, sell_id) FROM stdin;
\.


--
-- Data for Name: taggit_tag; Type: TABLE DATA; Schema: public; Owner: amlak
--

COPY public.taggit_tag (id, name, slug) FROM stdin;
\.


--
-- Data for Name: taggit_taggeditem; Type: TABLE DATA; Schema: public; Owner: amlak
--

COPY public.taggit_taggeditem (id, object_id, content_type_id, tag_id) FROM stdin;
\.


--
-- Name: agents_m_profile_id_seq; Type: SEQUENCE SET; Schema: public; Owner: amlak
--

SELECT pg_catalog.setval('public.agents_m_profile_id_seq', 1, false);


--
-- Name: auth_group_id_seq; Type: SEQUENCE SET; Schema: public; Owner: amlak
--

SELECT pg_catalog.setval('public.auth_group_id_seq', 1, false);


--
-- Name: auth_group_permissions_id_seq; Type: SEQUENCE SET; Schema: public; Owner: amlak
--

SELECT pg_catalog.setval('public.auth_group_permissions_id_seq', 1, false);


--
-- Name: auth_permission_id_seq; Type: SEQUENCE SET; Schema: public; Owner: amlak
--

SELECT pg_catalog.setval('public.auth_permission_id_seq', 80, true);


--
-- Name: auth_user_groups_id_seq; Type: SEQUENCE SET; Schema: public; Owner: amlak
--

SELECT pg_catalog.setval('public.auth_user_groups_id_seq', 1, false);


--
-- Name: auth_user_id_seq; Type: SEQUENCE SET; Schema: public; Owner: amlak
--

SELECT pg_catalog.setval('public.auth_user_id_seq', 2, true);


--
-- Name: auth_user_user_permissions_id_seq; Type: SEQUENCE SET; Schema: public; Owner: amlak
--

SELECT pg_catalog.setval('public.auth_user_user_permissions_id_seq', 1, false);


--
-- Name: customer_buycomment_id_seq; Type: SEQUENCE SET; Schema: public; Owner: amlak
--

SELECT pg_catalog.setval('public.customer_buycomment_id_seq', 1, false);


--
-- Name: customer_buycustomer_id_seq; Type: SEQUENCE SET; Schema: public; Owner: amlak
--

SELECT pg_catalog.setval('public.customer_buycustomer_id_seq', 17, true);


--
-- Name: customer_rentcomment_id_seq; Type: SEQUENCE SET; Schema: public; Owner: amlak
--

SELECT pg_catalog.setval('public.customer_rentcomment_id_seq', 1, false);


--
-- Name: customer_rentcustomer_id_seq; Type: SEQUENCE SET; Schema: public; Owner: amlak
--

SELECT pg_catalog.setval('public.customer_rentcustomer_id_seq', 1, true);


--
-- Name: django_admin_log_id_seq; Type: SEQUENCE SET; Schema: public; Owner: amlak
--

SELECT pg_catalog.setval('public.django_admin_log_id_seq', 1, false);


--
-- Name: django_content_type_id_seq; Type: SEQUENCE SET; Schema: public; Owner: amlak
--

SELECT pg_catalog.setval('public.django_content_type_id_seq', 20, true);


--
-- Name: django_migrations_id_seq; Type: SEQUENCE SET; Schema: public; Owner: amlak
--

SELECT pg_catalog.setval('public.django_migrations_id_seq', 85, true);


--
-- Name: django_site_id_seq; Type: SEQUENCE SET; Schema: public; Owner: amlak
--

SELECT pg_catalog.setval('public.django_site_id_seq', 1, true);


--
-- Name: file_rent_id_seq; Type: SEQUENCE SET; Schema: public; Owner: amlak
--

SELECT pg_catalog.setval('public.file_rent_id_seq', 1, true);


--
-- Name: file_rentcomment_id_seq; Type: SEQUENCE SET; Schema: public; Owner: amlak
--

SELECT pg_catalog.setval('public.file_rentcomment_id_seq', 1, false);


--
-- Name: file_rentimages_id_seq; Type: SEQUENCE SET; Schema: public; Owner: amlak
--

SELECT pg_catalog.setval('public.file_rentimages_id_seq', 1, false);


--
-- Name: file_rentimages_post_id_seq; Type: SEQUENCE SET; Schema: public; Owner: amlak
--

SELECT pg_catalog.setval('public.file_rentimages_post_id_seq', 1, false);


--
-- Name: file_sell_id_seq; Type: SEQUENCE SET; Schema: public; Owner: amlak
--

SELECT pg_catalog.setval('public.file_sell_id_seq', 17, true);


--
-- Name: file_sellcomment_id_seq; Type: SEQUENCE SET; Schema: public; Owner: amlak
--

SELECT pg_catalog.setval('public.file_sellcomment_id_seq', 1, false);


--
-- Name: file_sellimages_id_seq; Type: SEQUENCE SET; Schema: public; Owner: amlak
--

SELECT pg_catalog.setval('public.file_sellimages_id_seq', 1, false);


--
-- Name: file_sellimages_post_id_seq; Type: SEQUENCE SET; Schema: public; Owner: amlak
--

SELECT pg_catalog.setval('public.file_sellimages_post_id_seq', 1, false);


--
-- Name: taggit_tag_id_seq; Type: SEQUENCE SET; Schema: public; Owner: amlak
--

SELECT pg_catalog.setval('public.taggit_tag_id_seq', 1, false);


--
-- Name: taggit_taggeditem_id_seq; Type: SEQUENCE SET; Schema: public; Owner: amlak
--

SELECT pg_catalog.setval('public.taggit_taggeditem_id_seq', 1, false);


--
-- Name: agents_m_profile agents_m_profile_pkey; Type: CONSTRAINT; Schema: public; Owner: amlak
--

ALTER TABLE ONLY public.agents_m_profile
    ADD CONSTRAINT agents_m_profile_pkey PRIMARY KEY (id);


--
-- Name: agents_m_profile agents_m_profile_user_id_key; Type: CONSTRAINT; Schema: public; Owner: amlak
--

ALTER TABLE ONLY public.agents_m_profile
    ADD CONSTRAINT agents_m_profile_user_id_key UNIQUE (user_id);


--
-- Name: auth_group auth_group_name_key; Type: CONSTRAINT; Schema: public; Owner: amlak
--

ALTER TABLE ONLY public.auth_group
    ADD CONSTRAINT auth_group_name_key UNIQUE (name);


--
-- Name: auth_group_permissions auth_group_permissions_group_id_permission_id_0cd325b0_uniq; Type: CONSTRAINT; Schema: public; Owner: amlak
--

ALTER TABLE ONLY public.auth_group_permissions
    ADD CONSTRAINT auth_group_permissions_group_id_permission_id_0cd325b0_uniq UNIQUE (group_id, permission_id);


--
-- Name: auth_group_permissions auth_group_permissions_pkey; Type: CONSTRAINT; Schema: public; Owner: amlak
--

ALTER TABLE ONLY public.auth_group_permissions
    ADD CONSTRAINT auth_group_permissions_pkey PRIMARY KEY (id);


--
-- Name: auth_group auth_group_pkey; Type: CONSTRAINT; Schema: public; Owner: amlak
--

ALTER TABLE ONLY public.auth_group
    ADD CONSTRAINT auth_group_pkey PRIMARY KEY (id);


--
-- Name: auth_permission auth_permission_content_type_id_codename_01ab375a_uniq; Type: CONSTRAINT; Schema: public; Owner: amlak
--

ALTER TABLE ONLY public.auth_permission
    ADD CONSTRAINT auth_permission_content_type_id_codename_01ab375a_uniq UNIQUE (content_type_id, codename);


--
-- Name: auth_permission auth_permission_pkey; Type: CONSTRAINT; Schema: public; Owner: amlak
--

ALTER TABLE ONLY public.auth_permission
    ADD CONSTRAINT auth_permission_pkey PRIMARY KEY (id);


--
-- Name: auth_user_groups auth_user_groups_pkey; Type: CONSTRAINT; Schema: public; Owner: amlak
--

ALTER TABLE ONLY public.auth_user_groups
    ADD CONSTRAINT auth_user_groups_pkey PRIMARY KEY (id);


--
-- Name: auth_user_groups auth_user_groups_user_id_group_id_94350c0c_uniq; Type: CONSTRAINT; Schema: public; Owner: amlak
--

ALTER TABLE ONLY public.auth_user_groups
    ADD CONSTRAINT auth_user_groups_user_id_group_id_94350c0c_uniq UNIQUE (user_id, group_id);


--
-- Name: auth_user auth_user_pkey; Type: CONSTRAINT; Schema: public; Owner: amlak
--

ALTER TABLE ONLY public.auth_user
    ADD CONSTRAINT auth_user_pkey PRIMARY KEY (id);


--
-- Name: auth_user_user_permissions auth_user_user_permissions_pkey; Type: CONSTRAINT; Schema: public; Owner: amlak
--

ALTER TABLE ONLY public.auth_user_user_permissions
    ADD CONSTRAINT auth_user_user_permissions_pkey PRIMARY KEY (id);


--
-- Name: auth_user_user_permissions auth_user_user_permissions_user_id_permission_id_14a6b632_uniq; Type: CONSTRAINT; Schema: public; Owner: amlak
--

ALTER TABLE ONLY public.auth_user_user_permissions
    ADD CONSTRAINT auth_user_user_permissions_user_id_permission_id_14a6b632_uniq UNIQUE (user_id, permission_id);


--
-- Name: auth_user auth_user_username_key; Type: CONSTRAINT; Schema: public; Owner: amlak
--

ALTER TABLE ONLY public.auth_user
    ADD CONSTRAINT auth_user_username_key UNIQUE (username);


--
-- Name: customer_buycomment customer_buycomment_pkey; Type: CONSTRAINT; Schema: public; Owner: amlak
--

ALTER TABLE ONLY public.customer_buycomment
    ADD CONSTRAINT customer_buycomment_pkey PRIMARY KEY (id);


--
-- Name: customer_buycustomer customer_buycustomer_pkey; Type: CONSTRAINT; Schema: public; Owner: amlak
--

ALTER TABLE ONLY public.customer_buycustomer
    ADD CONSTRAINT customer_buycustomer_pkey PRIMARY KEY (id);


--
-- Name: customer_rentcomment customer_rentcomment_pkey; Type: CONSTRAINT; Schema: public; Owner: amlak
--

ALTER TABLE ONLY public.customer_rentcomment
    ADD CONSTRAINT customer_rentcomment_pkey PRIMARY KEY (id);


--
-- Name: customer_rentcustomer customer_rentcustomer_pkey; Type: CONSTRAINT; Schema: public; Owner: amlak
--

ALTER TABLE ONLY public.customer_rentcustomer
    ADD CONSTRAINT customer_rentcustomer_pkey PRIMARY KEY (id);


--
-- Name: django_admin_log django_admin_log_pkey; Type: CONSTRAINT; Schema: public; Owner: amlak
--

ALTER TABLE ONLY public.django_admin_log
    ADD CONSTRAINT django_admin_log_pkey PRIMARY KEY (id);


--
-- Name: django_content_type django_content_type_app_label_model_76bd3d3b_uniq; Type: CONSTRAINT; Schema: public; Owner: amlak
--

ALTER TABLE ONLY public.django_content_type
    ADD CONSTRAINT django_content_type_app_label_model_76bd3d3b_uniq UNIQUE (app_label, model);


--
-- Name: django_content_type django_content_type_pkey; Type: CONSTRAINT; Schema: public; Owner: amlak
--

ALTER TABLE ONLY public.django_content_type
    ADD CONSTRAINT django_content_type_pkey PRIMARY KEY (id);


--
-- Name: django_migrations django_migrations_pkey; Type: CONSTRAINT; Schema: public; Owner: amlak
--

ALTER TABLE ONLY public.django_migrations
    ADD CONSTRAINT django_migrations_pkey PRIMARY KEY (id);


--
-- Name: django_session django_session_pkey; Type: CONSTRAINT; Schema: public; Owner: amlak
--

ALTER TABLE ONLY public.django_session
    ADD CONSTRAINT django_session_pkey PRIMARY KEY (session_key);


--
-- Name: django_site django_site_domain_a2e37b91_uniq; Type: CONSTRAINT; Schema: public; Owner: amlak
--

ALTER TABLE ONLY public.django_site
    ADD CONSTRAINT django_site_domain_a2e37b91_uniq UNIQUE (domain);


--
-- Name: django_site django_site_pkey; Type: CONSTRAINT; Schema: public; Owner: amlak
--

ALTER TABLE ONLY public.django_site
    ADD CONSTRAINT django_site_pkey PRIMARY KEY (id);


--
-- Name: file_rent file_rent_pkey; Type: CONSTRAINT; Schema: public; Owner: amlak
--

ALTER TABLE ONLY public.file_rent
    ADD CONSTRAINT file_rent_pkey PRIMARY KEY (id);


--
-- Name: file_rentcomment file_rentcomment_pkey; Type: CONSTRAINT; Schema: public; Owner: amlak
--

ALTER TABLE ONLY public.file_rentcomment
    ADD CONSTRAINT file_rentcomment_pkey PRIMARY KEY (id);


--
-- Name: file_rentimages file_rentimages_pkey; Type: CONSTRAINT; Schema: public; Owner: amlak
--

ALTER TABLE ONLY public.file_rentimages
    ADD CONSTRAINT file_rentimages_pkey PRIMARY KEY (id);


--
-- Name: file_rentimages_post file_rentimages_post_pkey; Type: CONSTRAINT; Schema: public; Owner: amlak
--

ALTER TABLE ONLY public.file_rentimages_post
    ADD CONSTRAINT file_rentimages_post_pkey PRIMARY KEY (id);


--
-- Name: file_rentimages_post file_rentimages_post_rentimages_id_rent_id_68c94d9f_uniq; Type: CONSTRAINT; Schema: public; Owner: amlak
--

ALTER TABLE ONLY public.file_rentimages_post
    ADD CONSTRAINT file_rentimages_post_rentimages_id_rent_id_68c94d9f_uniq UNIQUE (rentimages_id, rent_id);


--
-- Name: file_sell file_sell_pkey; Type: CONSTRAINT; Schema: public; Owner: amlak
--

ALTER TABLE ONLY public.file_sell
    ADD CONSTRAINT file_sell_pkey PRIMARY KEY (id);


--
-- Name: file_sellcomment file_sellcomment_pkey; Type: CONSTRAINT; Schema: public; Owner: amlak
--

ALTER TABLE ONLY public.file_sellcomment
    ADD CONSTRAINT file_sellcomment_pkey PRIMARY KEY (id);


--
-- Name: file_sellimages file_sellimages_pkey; Type: CONSTRAINT; Schema: public; Owner: amlak
--

ALTER TABLE ONLY public.file_sellimages
    ADD CONSTRAINT file_sellimages_pkey PRIMARY KEY (id);


--
-- Name: file_sellimages_post file_sellimages_post_pkey; Type: CONSTRAINT; Schema: public; Owner: amlak
--

ALTER TABLE ONLY public.file_sellimages_post
    ADD CONSTRAINT file_sellimages_post_pkey PRIMARY KEY (id);


--
-- Name: file_sellimages_post file_sellimages_post_sellimages_id_sell_id_1b71764c_uniq; Type: CONSTRAINT; Schema: public; Owner: amlak
--

ALTER TABLE ONLY public.file_sellimages_post
    ADD CONSTRAINT file_sellimages_post_sellimages_id_sell_id_1b71764c_uniq UNIQUE (sellimages_id, sell_id);


--
-- Name: taggit_tag taggit_tag_name_key; Type: CONSTRAINT; Schema: public; Owner: amlak
--

ALTER TABLE ONLY public.taggit_tag
    ADD CONSTRAINT taggit_tag_name_key UNIQUE (name);


--
-- Name: taggit_tag taggit_tag_pkey; Type: CONSTRAINT; Schema: public; Owner: amlak
--

ALTER TABLE ONLY public.taggit_tag
    ADD CONSTRAINT taggit_tag_pkey PRIMARY KEY (id);


--
-- Name: taggit_tag taggit_tag_slug_key; Type: CONSTRAINT; Schema: public; Owner: amlak
--

ALTER TABLE ONLY public.taggit_tag
    ADD CONSTRAINT taggit_tag_slug_key UNIQUE (slug);


--
-- Name: taggit_taggeditem taggit_taggeditem_content_type_id_object_i_4bb97a8e_uniq; Type: CONSTRAINT; Schema: public; Owner: amlak
--

ALTER TABLE ONLY public.taggit_taggeditem
    ADD CONSTRAINT taggit_taggeditem_content_type_id_object_i_4bb97a8e_uniq UNIQUE (content_type_id, object_id, tag_id);


--
-- Name: taggit_taggeditem taggit_taggeditem_pkey; Type: CONSTRAINT; Schema: public; Owner: amlak
--

ALTER TABLE ONLY public.taggit_taggeditem
    ADD CONSTRAINT taggit_taggeditem_pkey PRIMARY KEY (id);


--
-- Name: auth_group_name_a6ea08ec_like; Type: INDEX; Schema: public; Owner: amlak
--

CREATE INDEX auth_group_name_a6ea08ec_like ON public.auth_group USING btree (name varchar_pattern_ops);


--
-- Name: auth_group_permissions_group_id_b120cbf9; Type: INDEX; Schema: public; Owner: amlak
--

CREATE INDEX auth_group_permissions_group_id_b120cbf9 ON public.auth_group_permissions USING btree (group_id);


--
-- Name: auth_group_permissions_permission_id_84c5c92e; Type: INDEX; Schema: public; Owner: amlak
--

CREATE INDEX auth_group_permissions_permission_id_84c5c92e ON public.auth_group_permissions USING btree (permission_id);


--
-- Name: auth_permission_content_type_id_2f476e4b; Type: INDEX; Schema: public; Owner: amlak
--

CREATE INDEX auth_permission_content_type_id_2f476e4b ON public.auth_permission USING btree (content_type_id);


--
-- Name: auth_user_groups_group_id_97559544; Type: INDEX; Schema: public; Owner: amlak
--

CREATE INDEX auth_user_groups_group_id_97559544 ON public.auth_user_groups USING btree (group_id);


--
-- Name: auth_user_groups_user_id_6a12ed8b; Type: INDEX; Schema: public; Owner: amlak
--

CREATE INDEX auth_user_groups_user_id_6a12ed8b ON public.auth_user_groups USING btree (user_id);


--
-- Name: auth_user_user_permissions_permission_id_1fbb5f2c; Type: INDEX; Schema: public; Owner: amlak
--

CREATE INDEX auth_user_user_permissions_permission_id_1fbb5f2c ON public.auth_user_user_permissions USING btree (permission_id);


--
-- Name: auth_user_user_permissions_user_id_a95ead1b; Type: INDEX; Schema: public; Owner: amlak
--

CREATE INDEX auth_user_user_permissions_user_id_a95ead1b ON public.auth_user_user_permissions USING btree (user_id);


--
-- Name: auth_user_username_6821ab7c_like; Type: INDEX; Schema: public; Owner: amlak
--

CREATE INDEX auth_user_username_6821ab7c_like ON public.auth_user USING btree (username varchar_pattern_ops);


--
-- Name: customer_buycomment_file_id_a06334ff; Type: INDEX; Schema: public; Owner: amlak
--

CREATE INDEX customer_buycomment_file_id_a06334ff ON public.customer_buycomment USING btree (file_id);


--
-- Name: customer_buycomment_user_id_f95aeb3e; Type: INDEX; Schema: public; Owner: amlak
--

CREATE INDEX customer_buycomment_user_id_f95aeb3e ON public.customer_buycomment USING btree (user_id);


--
-- Name: customer_buycustomer_added_by_id_34e913f8; Type: INDEX; Schema: public; Owner: amlak
--

CREATE INDEX customer_buycustomer_added_by_id_34e913f8 ON public.customer_buycustomer USING btree (added_by_id);


--
-- Name: customer_rentcomment_file_id_b3b4ef8f; Type: INDEX; Schema: public; Owner: amlak
--

CREATE INDEX customer_rentcomment_file_id_b3b4ef8f ON public.customer_rentcomment USING btree (file_id);


--
-- Name: customer_rentcomment_user_id_bd112b17; Type: INDEX; Schema: public; Owner: amlak
--

CREATE INDEX customer_rentcomment_user_id_bd112b17 ON public.customer_rentcomment USING btree (user_id);


--
-- Name: customer_rentcustomer_added_by_id_1ca96d9f; Type: INDEX; Schema: public; Owner: amlak
--

CREATE INDEX customer_rentcustomer_added_by_id_1ca96d9f ON public.customer_rentcustomer USING btree (added_by_id);


--
-- Name: django_admin_log_content_type_id_c4bce8eb; Type: INDEX; Schema: public; Owner: amlak
--

CREATE INDEX django_admin_log_content_type_id_c4bce8eb ON public.django_admin_log USING btree (content_type_id);


--
-- Name: django_admin_log_user_id_c564eba6; Type: INDEX; Schema: public; Owner: amlak
--

CREATE INDEX django_admin_log_user_id_c564eba6 ON public.django_admin_log USING btree (user_id);


--
-- Name: django_session_expire_date_a5c62663; Type: INDEX; Schema: public; Owner: amlak
--

CREATE INDEX django_session_expire_date_a5c62663 ON public.django_session USING btree (expire_date);


--
-- Name: django_session_session_key_c0390e0f_like; Type: INDEX; Schema: public; Owner: amlak
--

CREATE INDEX django_session_session_key_c0390e0f_like ON public.django_session USING btree (session_key varchar_pattern_ops);


--
-- Name: django_site_domain_a2e37b91_like; Type: INDEX; Schema: public; Owner: amlak
--

CREATE INDEX django_site_domain_a2e37b91_like ON public.django_site USING btree (domain varchar_pattern_ops);


--
-- Name: file_rent_added_by_id_848c18a0; Type: INDEX; Schema: public; Owner: amlak
--

CREATE INDEX file_rent_added_by_id_848c18a0 ON public.file_rent USING btree (added_by_id);


--
-- Name: file_rentcomment_file_id_fae8bf9e; Type: INDEX; Schema: public; Owner: amlak
--

CREATE INDEX file_rentcomment_file_id_fae8bf9e ON public.file_rentcomment USING btree (file_id);


--
-- Name: file_rentcomment_user_id_3e899671; Type: INDEX; Schema: public; Owner: amlak
--

CREATE INDEX file_rentcomment_user_id_3e899671 ON public.file_rentcomment USING btree (user_id);


--
-- Name: file_rentimages_post_rent_id_ff394f52; Type: INDEX; Schema: public; Owner: amlak
--

CREATE INDEX file_rentimages_post_rent_id_ff394f52 ON public.file_rentimages_post USING btree (rent_id);


--
-- Name: file_rentimages_post_rentimages_id_dab1a8de; Type: INDEX; Schema: public; Owner: amlak
--

CREATE INDEX file_rentimages_post_rentimages_id_dab1a8de ON public.file_rentimages_post USING btree (rentimages_id);


--
-- Name: file_sell_added_by_id_577055dd; Type: INDEX; Schema: public; Owner: amlak
--

CREATE INDEX file_sell_added_by_id_577055dd ON public.file_sell USING btree (added_by_id);


--
-- Name: file_sellcomment_file_id_ec6e406f; Type: INDEX; Schema: public; Owner: amlak
--

CREATE INDEX file_sellcomment_file_id_ec6e406f ON public.file_sellcomment USING btree (file_id);


--
-- Name: file_sellcomment_user_id_7764bd31; Type: INDEX; Schema: public; Owner: amlak
--

CREATE INDEX file_sellcomment_user_id_7764bd31 ON public.file_sellcomment USING btree (user_id);


--
-- Name: file_sellimages_post_sell_id_84bd75b7; Type: INDEX; Schema: public; Owner: amlak
--

CREATE INDEX file_sellimages_post_sell_id_84bd75b7 ON public.file_sellimages_post USING btree (sell_id);


--
-- Name: file_sellimages_post_sellimages_id_58345fa6; Type: INDEX; Schema: public; Owner: amlak
--

CREATE INDEX file_sellimages_post_sellimages_id_58345fa6 ON public.file_sellimages_post USING btree (sellimages_id);


--
-- Name: taggit_tag_name_58eb2ed9_like; Type: INDEX; Schema: public; Owner: amlak
--

CREATE INDEX taggit_tag_name_58eb2ed9_like ON public.taggit_tag USING btree (name varchar_pattern_ops);


--
-- Name: taggit_tag_slug_6be58b2c_like; Type: INDEX; Schema: public; Owner: amlak
--

CREATE INDEX taggit_tag_slug_6be58b2c_like ON public.taggit_tag USING btree (slug varchar_pattern_ops);


--
-- Name: taggit_taggeditem_content_type_id_9957a03c; Type: INDEX; Schema: public; Owner: amlak
--

CREATE INDEX taggit_taggeditem_content_type_id_9957a03c ON public.taggit_taggeditem USING btree (content_type_id);


--
-- Name: taggit_taggeditem_content_type_id_object_id_196cc965_idx; Type: INDEX; Schema: public; Owner: amlak
--

CREATE INDEX taggit_taggeditem_content_type_id_object_id_196cc965_idx ON public.taggit_taggeditem USING btree (content_type_id, object_id);


--
-- Name: taggit_taggeditem_object_id_e2d7d1df; Type: INDEX; Schema: public; Owner: amlak
--

CREATE INDEX taggit_taggeditem_object_id_e2d7d1df ON public.taggit_taggeditem USING btree (object_id);


--
-- Name: taggit_taggeditem_tag_id_f4f5b767; Type: INDEX; Schema: public; Owner: amlak
--

CREATE INDEX taggit_taggeditem_tag_id_f4f5b767 ON public.taggit_taggeditem USING btree (tag_id);


--
-- Name: agents_m_profile agents_m_profile_user_id_b27bb55a_fk_auth_user_id; Type: FK CONSTRAINT; Schema: public; Owner: amlak
--

ALTER TABLE ONLY public.agents_m_profile
    ADD CONSTRAINT agents_m_profile_user_id_b27bb55a_fk_auth_user_id FOREIGN KEY (user_id) REFERENCES public.auth_user(id) DEFERRABLE INITIALLY DEFERRED;


--
-- Name: auth_group_permissions auth_group_permissio_permission_id_84c5c92e_fk_auth_perm; Type: FK CONSTRAINT; Schema: public; Owner: amlak
--

ALTER TABLE ONLY public.auth_group_permissions
    ADD CONSTRAINT auth_group_permissio_permission_id_84c5c92e_fk_auth_perm FOREIGN KEY (permission_id) REFERENCES public.auth_permission(id) DEFERRABLE INITIALLY DEFERRED;


--
-- Name: auth_group_permissions auth_group_permissions_group_id_b120cbf9_fk_auth_group_id; Type: FK CONSTRAINT; Schema: public; Owner: amlak
--

ALTER TABLE ONLY public.auth_group_permissions
    ADD CONSTRAINT auth_group_permissions_group_id_b120cbf9_fk_auth_group_id FOREIGN KEY (group_id) REFERENCES public.auth_group(id) DEFERRABLE INITIALLY DEFERRED;


--
-- Name: auth_permission auth_permission_content_type_id_2f476e4b_fk_django_co; Type: FK CONSTRAINT; Schema: public; Owner: amlak
--

ALTER TABLE ONLY public.auth_permission
    ADD CONSTRAINT auth_permission_content_type_id_2f476e4b_fk_django_co FOREIGN KEY (content_type_id) REFERENCES public.django_content_type(id) DEFERRABLE INITIALLY DEFERRED;


--
-- Name: auth_user_groups auth_user_groups_group_id_97559544_fk_auth_group_id; Type: FK CONSTRAINT; Schema: public; Owner: amlak
--

ALTER TABLE ONLY public.auth_user_groups
    ADD CONSTRAINT auth_user_groups_group_id_97559544_fk_auth_group_id FOREIGN KEY (group_id) REFERENCES public.auth_group(id) DEFERRABLE INITIALLY DEFERRED;


--
-- Name: auth_user_groups auth_user_groups_user_id_6a12ed8b_fk_auth_user_id; Type: FK CONSTRAINT; Schema: public; Owner: amlak
--

ALTER TABLE ONLY public.auth_user_groups
    ADD CONSTRAINT auth_user_groups_user_id_6a12ed8b_fk_auth_user_id FOREIGN KEY (user_id) REFERENCES public.auth_user(id) DEFERRABLE INITIALLY DEFERRED;


--
-- Name: auth_user_user_permissions auth_user_user_permi_permission_id_1fbb5f2c_fk_auth_perm; Type: FK CONSTRAINT; Schema: public; Owner: amlak
--

ALTER TABLE ONLY public.auth_user_user_permissions
    ADD CONSTRAINT auth_user_user_permi_permission_id_1fbb5f2c_fk_auth_perm FOREIGN KEY (permission_id) REFERENCES public.auth_permission(id) DEFERRABLE INITIALLY DEFERRED;


--
-- Name: auth_user_user_permissions auth_user_user_permissions_user_id_a95ead1b_fk_auth_user_id; Type: FK CONSTRAINT; Schema: public; Owner: amlak
--

ALTER TABLE ONLY public.auth_user_user_permissions
    ADD CONSTRAINT auth_user_user_permissions_user_id_a95ead1b_fk_auth_user_id FOREIGN KEY (user_id) REFERENCES public.auth_user(id) DEFERRABLE INITIALLY DEFERRED;


--
-- Name: customer_buycomment customer_buycomment_file_id_a06334ff_fk_customer_buycustomer_id; Type: FK CONSTRAINT; Schema: public; Owner: amlak
--

ALTER TABLE ONLY public.customer_buycomment
    ADD CONSTRAINT customer_buycomment_file_id_a06334ff_fk_customer_buycustomer_id FOREIGN KEY (file_id) REFERENCES public.customer_buycustomer(id) DEFERRABLE INITIALLY DEFERRED;


--
-- Name: customer_buycomment customer_buycomment_user_id_f95aeb3e_fk_auth_user_id; Type: FK CONSTRAINT; Schema: public; Owner: amlak
--

ALTER TABLE ONLY public.customer_buycomment
    ADD CONSTRAINT customer_buycomment_user_id_f95aeb3e_fk_auth_user_id FOREIGN KEY (user_id) REFERENCES public.auth_user(id) DEFERRABLE INITIALLY DEFERRED;


--
-- Name: customer_buycustomer customer_buycustomer_added_by_id_34e913f8_fk_auth_user_id; Type: FK CONSTRAINT; Schema: public; Owner: amlak
--

ALTER TABLE ONLY public.customer_buycustomer
    ADD CONSTRAINT customer_buycustomer_added_by_id_34e913f8_fk_auth_user_id FOREIGN KEY (added_by_id) REFERENCES public.auth_user(id) DEFERRABLE INITIALLY DEFERRED;


--
-- Name: customer_rentcomment customer_rentcomment_file_id_b3b4ef8f_fk_customer_; Type: FK CONSTRAINT; Schema: public; Owner: amlak
--

ALTER TABLE ONLY public.customer_rentcomment
    ADD CONSTRAINT customer_rentcomment_file_id_b3b4ef8f_fk_customer_ FOREIGN KEY (file_id) REFERENCES public.customer_rentcustomer(id) DEFERRABLE INITIALLY DEFERRED;


--
-- Name: customer_rentcomment customer_rentcomment_user_id_bd112b17_fk_auth_user_id; Type: FK CONSTRAINT; Schema: public; Owner: amlak
--

ALTER TABLE ONLY public.customer_rentcomment
    ADD CONSTRAINT customer_rentcomment_user_id_bd112b17_fk_auth_user_id FOREIGN KEY (user_id) REFERENCES public.auth_user(id) DEFERRABLE INITIALLY DEFERRED;


--
-- Name: customer_rentcustomer customer_rentcustomer_added_by_id_1ca96d9f_fk_auth_user_id; Type: FK CONSTRAINT; Schema: public; Owner: amlak
--

ALTER TABLE ONLY public.customer_rentcustomer
    ADD CONSTRAINT customer_rentcustomer_added_by_id_1ca96d9f_fk_auth_user_id FOREIGN KEY (added_by_id) REFERENCES public.auth_user(id) DEFERRABLE INITIALLY DEFERRED;


--
-- Name: django_admin_log django_admin_log_content_type_id_c4bce8eb_fk_django_co; Type: FK CONSTRAINT; Schema: public; Owner: amlak
--

ALTER TABLE ONLY public.django_admin_log
    ADD CONSTRAINT django_admin_log_content_type_id_c4bce8eb_fk_django_co FOREIGN KEY (content_type_id) REFERENCES public.django_content_type(id) DEFERRABLE INITIALLY DEFERRED;


--
-- Name: django_admin_log django_admin_log_user_id_c564eba6_fk_auth_user_id; Type: FK CONSTRAINT; Schema: public; Owner: amlak
--

ALTER TABLE ONLY public.django_admin_log
    ADD CONSTRAINT django_admin_log_user_id_c564eba6_fk_auth_user_id FOREIGN KEY (user_id) REFERENCES public.auth_user(id) DEFERRABLE INITIALLY DEFERRED;


--
-- Name: file_rent file_rent_added_by_id_848c18a0_fk_auth_user_id; Type: FK CONSTRAINT; Schema: public; Owner: amlak
--

ALTER TABLE ONLY public.file_rent
    ADD CONSTRAINT file_rent_added_by_id_848c18a0_fk_auth_user_id FOREIGN KEY (added_by_id) REFERENCES public.auth_user(id) DEFERRABLE INITIALLY DEFERRED;


--
-- Name: file_rentcomment file_rentcomment_file_id_fae8bf9e_fk_file_rent_id; Type: FK CONSTRAINT; Schema: public; Owner: amlak
--

ALTER TABLE ONLY public.file_rentcomment
    ADD CONSTRAINT file_rentcomment_file_id_fae8bf9e_fk_file_rent_id FOREIGN KEY (file_id) REFERENCES public.file_rent(id) DEFERRABLE INITIALLY DEFERRED;


--
-- Name: file_rentcomment file_rentcomment_user_id_3e899671_fk_auth_user_id; Type: FK CONSTRAINT; Schema: public; Owner: amlak
--

ALTER TABLE ONLY public.file_rentcomment
    ADD CONSTRAINT file_rentcomment_user_id_3e899671_fk_auth_user_id FOREIGN KEY (user_id) REFERENCES public.auth_user(id) DEFERRABLE INITIALLY DEFERRED;


--
-- Name: file_rentimages_post file_rentimages_post_rent_id_ff394f52_fk_file_rent_id; Type: FK CONSTRAINT; Schema: public; Owner: amlak
--

ALTER TABLE ONLY public.file_rentimages_post
    ADD CONSTRAINT file_rentimages_post_rent_id_ff394f52_fk_file_rent_id FOREIGN KEY (rent_id) REFERENCES public.file_rent(id) DEFERRABLE INITIALLY DEFERRED;


--
-- Name: file_rentimages_post file_rentimages_post_rentimages_id_dab1a8de_fk_file_rent; Type: FK CONSTRAINT; Schema: public; Owner: amlak
--

ALTER TABLE ONLY public.file_rentimages_post
    ADD CONSTRAINT file_rentimages_post_rentimages_id_dab1a8de_fk_file_rent FOREIGN KEY (rentimages_id) REFERENCES public.file_rentimages(id) DEFERRABLE INITIALLY DEFERRED;


--
-- Name: file_sell file_sell_added_by_id_577055dd_fk_auth_user_id; Type: FK CONSTRAINT; Schema: public; Owner: amlak
--

ALTER TABLE ONLY public.file_sell
    ADD CONSTRAINT file_sell_added_by_id_577055dd_fk_auth_user_id FOREIGN KEY (added_by_id) REFERENCES public.auth_user(id) DEFERRABLE INITIALLY DEFERRED;


--
-- Name: file_sellcomment file_sellcomment_file_id_ec6e406f_fk_file_sell_id; Type: FK CONSTRAINT; Schema: public; Owner: amlak
--

ALTER TABLE ONLY public.file_sellcomment
    ADD CONSTRAINT file_sellcomment_file_id_ec6e406f_fk_file_sell_id FOREIGN KEY (file_id) REFERENCES public.file_sell(id) DEFERRABLE INITIALLY DEFERRED;


--
-- Name: file_sellcomment file_sellcomment_user_id_7764bd31_fk_auth_user_id; Type: FK CONSTRAINT; Schema: public; Owner: amlak
--

ALTER TABLE ONLY public.file_sellcomment
    ADD CONSTRAINT file_sellcomment_user_id_7764bd31_fk_auth_user_id FOREIGN KEY (user_id) REFERENCES public.auth_user(id) DEFERRABLE INITIALLY DEFERRED;


--
-- Name: file_sellimages_post file_sellimages_post_sell_id_84bd75b7_fk_file_sell_id; Type: FK CONSTRAINT; Schema: public; Owner: amlak
--

ALTER TABLE ONLY public.file_sellimages_post
    ADD CONSTRAINT file_sellimages_post_sell_id_84bd75b7_fk_file_sell_id FOREIGN KEY (sell_id) REFERENCES public.file_sell(id) DEFERRABLE INITIALLY DEFERRED;


--
-- Name: file_sellimages_post file_sellimages_post_sellimages_id_58345fa6_fk_file_sell; Type: FK CONSTRAINT; Schema: public; Owner: amlak
--

ALTER TABLE ONLY public.file_sellimages_post
    ADD CONSTRAINT file_sellimages_post_sellimages_id_58345fa6_fk_file_sell FOREIGN KEY (sellimages_id) REFERENCES public.file_sellimages(id) DEFERRABLE INITIALLY DEFERRED;


--
-- Name: taggit_taggeditem taggit_taggeditem_content_type_id_9957a03c_fk_django_co; Type: FK CONSTRAINT; Schema: public; Owner: amlak
--

ALTER TABLE ONLY public.taggit_taggeditem
    ADD CONSTRAINT taggit_taggeditem_content_type_id_9957a03c_fk_django_co FOREIGN KEY (content_type_id) REFERENCES public.django_content_type(id) DEFERRABLE INITIALLY DEFERRED;


--
-- Name: taggit_taggeditem taggit_taggeditem_tag_id_f4f5b767_fk_taggit_tag_id; Type: FK CONSTRAINT; Schema: public; Owner: amlak
--

ALTER TABLE ONLY public.taggit_taggeditem
    ADD CONSTRAINT taggit_taggeditem_tag_id_f4f5b767_fk_taggit_tag_id FOREIGN KEY (tag_id) REFERENCES public.taggit_tag(id) DEFERRABLE INITIALLY DEFERRED;


--
-- PostgreSQL database dump complete
--

